<?xml version="1.0" encoding="UTF-8"?>
<gpx creator="Garmin Connect" version="1.1" schemaLocation="http://www.topografix.com/GPX/1/1 http://www.topografix.com/GPX/11.xsd" xmlns="http://www.topografix.com/GPX/1/1" xmlns:xsi="http://www.w3.org/2001/XMLSchema-instance" xsi:schemaLocation="http://www.topografix.com/GPX/1/1 http://www.topografix.com/GPX/1/1/gpx.xsd http://www.garmin.com/xmlschemas/GpxExtensions/v3 http://www.garmin.com/xmlschemas/GpxExtensionsv3.xsd http://www.garmin.com/xmlschemas/TrackPointExtension/v1 http://www.garmin.com/xmlschemas/TrackPointExtensionv1.xsd http://www.garmin.com/xmlschemas/PowerExtension/v1 http://www.garmin.com/xmlschemas/PowerExtensionv1.xsd http://www.topografix.com/GPX/gpx_style/0/2 http://www.topografix.com/GPX/gpx_style/0/2/gpx_style.xsd" xmlns:gpxtpx="http://www.garmin.com/xmlschemas/TrackPointExtension/v1" xmlns:gpxx="http://www.garmin.com/xmlschemas/GpxExtensions/v3" xmlns:gpxpx="http://www.garmin.com/xmlschemas/PowerExtension/v1" xmlns:gpx_style="http://www.topografix.com/GPX/gpx_style/0/2">
  <metadata>
    <name>Glenorchy Hiking 14.78 km - 28 Jan</name>
    <author>
      <name>gpx.studio</name>
      <link href="https://gpx.studio"/>
    </author>
    <link href="connect.garmin.com">
      <text>Garmin Connect</text>
    </link>
    <time>2026-01-27T19:12:46.000Z</time>
  </metadata>
  <trk>
    <name>Glenorchy Hiking 14.78 km - 28 Jan</name>
    <trkseg>
      <trkpt lat="-44.65342406183481" lon="168.33004670217633">
        <ele>441.8</ele>
      </trkpt>
      <trkpt lat="-44.65343613177538" lon="168.33004234358668">
        <ele>441.6</ele>
      </trkpt>
      <trkpt lat="-44.65346219949424" lon="168.33001652732491">
        <ele>441.6</ele>
      </trkpt>
      <trkpt lat="-44.65346463024616" lon="168.33000185899436">
        <ele>441.6</ele>
      </trkpt>
      <trkpt lat="-44.653475023806095" lon="168.32996263168752">
        <ele>441.4</ele>
      </trkpt>
      <trkpt lat="-44.65347485616803" lon="168.32995349541306">
        <ele>441.4</ele>
      </trkpt>
      <trkpt lat="-44.65346940793097" lon="168.3299184590578">
        <ele>441.2</ele>
      </trkpt>
      <trkpt lat="-44.65346069075167" lon="168.32987135276198">
        <ele>440.8</ele>
      </trkpt>
      <trkpt lat="-44.653464797884226" lon="168.32985601387918">
        <ele>440.6</ele>
      </trkpt>
      <trkpt lat="-44.65346639044583" lon="168.32984243519604">
        <ele>440.4</ele>
      </trkpt>
      <trkpt lat="-44.653452560305595" lon="168.3298082370311">
        <ele>439.8</ele>
      </trkpt>
      <trkpt lat="-44.65344049036503" lon="168.32978770136833">
        <ele>439.4</ele>
      </trkpt>
      <trkpt lat="-44.653439400717616" lon="168.32977211102843">
        <ele>439.4</ele>
      </trkpt>
      <trkpt lat="-44.653438394889235" lon="168.32975124008954">
        <ele>439.2</ele>
      </trkpt>
      <trkpt lat="-44.65343973599374" lon="168.32972642965615">
        <ele>439</ele>
      </trkpt>
      <trkpt lat="-44.65343730524182" lon="168.32970572635531">
        <ele>438.8</ele>
      </trkpt>
      <trkpt lat="-44.65343034826219" lon="168.32966398447752">
        <ele>438.2</ele>
      </trkpt>
      <trkpt lat="-44.653405202552676" lon="168.32961310632527">
        <ele>437.2</ele>
      </trkpt>
      <trkpt lat="-44.65339011512697" lon="168.32957983016968">
        <ele>436</ele>
      </trkpt>
      <trkpt lat="-44.65337603352964" lon="168.32954747602344">
        <ele>435.4</ele>
      </trkpt>
      <trkpt lat="-44.65336865745485" lon="168.32952786237">
        <ele>435</ele>
      </trkpt>
      <trkpt lat="-44.653345104306936" lon="168.3294926583767">
        <ele>433.8</ele>
      </trkpt>
      <trkpt lat="-44.653330435976386" lon="168.32944504916668">
        <ele>432.6</ele>
      </trkpt>
      <trkpt lat="-44.65330185368657" lon="168.32940867170691">
        <ele>431.6</ele>
      </trkpt>
      <trkpt lat="-44.65327536687255" lon="168.32936969585717">
        <ele>430.4</ele>
      </trkpt>
      <trkpt lat="-44.65327234938741" lon="168.32935804501176">
        <ele>430.2</ele>
      </trkpt>
      <trkpt lat="-44.65326405130327" lon="168.32933097146451">
        <ele>429.6</ele>
      </trkpt>
      <trkpt lat="-44.65325742959976" lon="168.329321667552">
        <ele>429.4</ele>
      </trkpt>
      <trkpt lat="-44.65327134355903" lon="168.32930071279407">
        <ele>428.6</ele>
      </trkpt>
      <trkpt lat="-44.653261955827475" lon="168.32928906194866">
        <ele>428</ele>
      </trkpt>
      <trkpt lat="-44.65325633995235" lon="168.32928252406418">
        <ele>427.8</ele>
      </trkpt>
      <trkpt lat="-44.65321711264551" lon="168.32924472168088">
        <ele>427</ele>
      </trkpt>
      <trkpt lat="-44.65315818786621" lon="168.329221252352">
        <ele>426.6</ele>
      </trkpt>
      <trkpt lat="-44.65309616178274" lon="168.32920365035534">
        <ele>426.2</ele>
      </trkpt>
      <trkpt lat="-44.65308233164251" lon="168.32919015549123">
        <ele>425.8</ele>
      </trkpt>
      <trkpt lat="-44.65304234996438" lon="168.3291364274919">
        <ele>425</ele>
      </trkpt>
      <trkpt lat="-44.653034722432494" lon="168.3291187416762">
        <ele>424.8</ele>
      </trkpt>
      <trkpt lat="-44.65302868746221" lon="168.32909191958606">
        <ele>424.6</ele>
      </trkpt>
      <trkpt lat="-44.65293439105153" lon="168.32905068062246">
        <ele>424.6</ele>
      </trkpt>
      <trkpt lat="-44.65286498889327" lon="168.32903643138707">
        <ele>424.4</ele>
      </trkpt>
      <trkpt lat="-44.65284738689661" lon="168.32901623100042">
        <ele>424.4</ele>
      </trkpt>
      <trkpt lat="-44.65284738689661" lon="168.32901623100042">
        <ele>425.8426699011967</ele>
      </trkpt>
      <trkpt lat="-44.6524924393279" lon="168.329404284993">
        <ele>427.88263516388884</ele>
      </trkpt>
      <trkpt lat="-44.6521374917592" lon="168.32979233898558">
        <ele>430.0721022094609</ele>
      </trkpt>
      <trkpt lat="-44.65194860046523" lon="168.32999884841752">
        <ele>431.17374501522005</ele>
      </trkpt>
      <trkpt lat="-44.651864244476194" lon="168.33061971272681">
        <ele>433.1593749911075</ele>
      </trkpt>
      <trkpt lat="-44.651784826934794" lon="168.3312042298138">
        <ele>435.3501542210321</ele>
      </trkpt>
      <trkpt lat="-44.651784826934794" lon="168.3312042298138">
        <ele>435.3501542210321</ele>
      </trkpt>
      <trkpt lat="-44.651784826934794" lon="168.3312042298138">
        <ele>435.3501542210321</ele>
      </trkpt>
      <trkpt lat="-44.65157140946536" lon="168.33176058198384">
        <ele>437.26800975594733</ele>
      </trkpt>
      <trkpt lat="-44.65135799199594" lon="168.33231693415388">
        <ele>438.5535791666356</ele>
      </trkpt>
      <trkpt lat="-44.651144574526505" lon="168.33287328632392">
        <ele>439.9052608610411</ele>
      </trkpt>
      <trkpt lat="-44.65093865256214" lon="168.3334100986666">
        <ele>442.4287671358677</ele>
      </trkpt>
      <trkpt lat="-44.650811064181504" lon="168.33401619406845">
        <ele>446.32525874723865</ele>
      </trkpt>
      <trkpt lat="-44.65068347580087" lon="168.3346222894703">
        <ele>450.0665069129326</ele>
      </trkpt>
      <trkpt lat="-44.65055588742023" lon="168.33522838487215">
        <ele>453.09540762314657</ele>
      </trkpt>
      <trkpt lat="-44.650428299039596" lon="168.33583448027403">
        <ele>455.82991048479516</ele>
      </trkpt>
      <trkpt lat="-44.65040322393179" lon="168.33595359697938">
        <ele>456.371736188048</ele>
      </trkpt>
      <trkpt lat="-44.65040322393179" lon="168.33595359697938">
        <ele>459.6</ele>
      </trkpt>
      <trkpt lat="-44.65042954310775" lon="168.3359718695283">
        <ele>459.4</ele>
      </trkpt>
      <trkpt lat="-44.65043247677386" lon="168.33595979958773">
        <ele>459.2</ele>
      </trkpt>
      <trkpt lat="-44.65044094249606" lon="168.33595879375935">
        <ele>459.2</ele>
      </trkpt>
      <trkpt lat="-44.650447899475694" lon="168.33597949706018">
        <ele>459.4</ele>
      </trkpt>
      <trkpt lat="-44.65044781565666" lon="168.33599634468555">
        <ele>459.4</ele>
      </trkpt>
      <trkpt lat="-44.65044873766601" lon="168.33603196777403">
        <ele>459.6</ele>
      </trkpt>
      <trkpt lat="-44.65044437907636" lon="168.33604445680976">
        <ele>459.8</ele>
      </trkpt>
      <trkpt lat="-44.650446474552155" lon="168.33605635911226">
        <ele>460</ele>
      </trkpt>
      <trkpt lat="-44.65045988559723" lon="168.33610991947353">
        <ele>460.6</ele>
      </trkpt>
      <trkpt lat="-44.65046248398721" lon="168.33612265996635">
        <ele>460.8</ele>
      </trkpt>
      <trkpt lat="-44.6504891384393" lon="168.33620890974998">
        <ele>461.6</ele>
      </trkpt>
      <trkpt lat="-44.65050674043596" lon="168.3362861070782">
        <ele>461.2</ele>
      </trkpt>
      <trkpt lat="-44.65051285922527" lon="168.3363344706595">
        <ele>461</ele>
      </trkpt>
      <trkpt lat="-44.65051612816751" lon="168.33636447787285">
        <ele>461.2</ele>
      </trkpt>
      <trkpt lat="-44.65051998384297" lon="168.33637746982276">
        <ele>461.2</ele>
      </trkpt>
      <trkpt lat="-44.65052383951843" lon="168.33641552366316">
        <ele>461.4</ele>
      </trkpt>
      <trkpt lat="-44.650530042126775" lon="168.33643957972527">
        <ele>461.8</ele>
      </trkpt>
      <trkpt lat="-44.65054554864764" lon="168.33645123057067">
        <ele>462.4</ele>
      </trkpt>
      <trkpt lat="-44.65055116452277" lon="168.33645718172193">
        <ele>462.8</ele>
      </trkpt>
      <trkpt lat="-44.650563737377524" lon="168.33648014813662">
        <ele>463.6</ele>
      </trkpt>
      <trkpt lat="-44.65056113898754" lon="168.33649322390556">
        <ele>463.8</ele>
      </trkpt>
      <trkpt lat="-44.65056742541492" lon="168.33653018809855">
        <ele>464</ele>
      </trkpt>
      <trkpt lat="-44.65056164190173" lon="168.336560446769">
        <ele>464.4</ele>
      </trkpt>
      <trkpt lat="-44.650560887530446" lon="168.33657192997634">
        <ele>464.6</ele>
      </trkpt>
      <trkpt lat="-44.650561809539795" lon="168.33658969961107">
        <ele>464.8</ele>
      </trkpt>
      <trkpt lat="-44.65056449174881" lon="168.33661023527384">
        <ele>465</ele>
      </trkpt>
      <trkpt lat="-44.65057270601392" lon="168.33668324165046">
        <ele>465.2</ele>
      </trkpt>
      <trkpt lat="-44.65059718117118" lon="168.3367256540805">
        <ele>465.4</ele>
      </trkpt>
      <trkpt lat="-44.650599863380194" lon="168.33674057386816">
        <ele>466</ele>
      </trkpt>
      <trkpt lat="-44.65062794275582" lon="168.33674417808652">
        <ele>466.4</ele>
      </trkpt>
      <trkpt lat="-44.65065107680857" lon="168.33676379173994">
        <ele>466.6</ele>
      </trkpt>
      <trkpt lat="-44.650668343529105" lon="168.3368083834648">
        <ele>466.4</ele>
      </trkpt>
      <trkpt lat="-44.65066792443395" lon="168.33682808093727">
        <ele>466.6</ele>
      </trkpt>
      <trkpt lat="-44.65068527497351" lon="168.3368646260351">
        <ele>467.2</ele>
      </trkpt>
      <trkpt lat="-44.65069508180022" lon="168.33688214421272">
        <ele>467.2</ele>
      </trkpt>
      <trkpt lat="-44.65074218809605" lon="168.33696872927248">
        <ele>468</ele>
      </trkpt>
      <trkpt lat="-44.650751408189535" lon="168.33698314614594">
        <ele>468.2</ele>
      </trkpt>
      <trkpt lat="-44.65077605098486" lon="168.33701432682574">
        <ele>468.8</ele>
      </trkpt>
      <trkpt lat="-44.650787618011236" lon="168.33701164461672">
        <ele>469</ele>
      </trkpt>
      <trkpt lat="-44.65079398825765" lon="168.33701021969318">
        <ele>469.2</ele>
      </trkpt>
      <trkpt lat="-44.650804633274674" lon="168.3370142430067">
        <ele>469.4</ele>
      </trkpt>
      <trkpt lat="-44.65082827024162" lon="168.33703653886914">
        <ele>469.8</ele>
      </trkpt>
      <trkpt lat="-44.6508533321321" lon="168.33706621080637">
        <ele>470</ele>
      </trkpt>
      <trkpt lat="-44.65085584670305" lon="168.33707752637565">
        <ele>470.2</ele>
      </trkpt>
      <trkpt lat="-44.65088342316449" lon="168.3370903506875">
        <ele>470.4</ele>
      </trkpt>
      <trkpt lat="-44.65088543482125" lon="168.3371159993112">
        <ele>470.8</ele>
      </trkpt>
      <trkpt lat="-44.650880908593535" lon="168.3371318411082">
        <ele>471</ele>
      </trkpt>
      <trkpt lat="-44.650874203071" lon="168.33721809089184">
        <ele>471.4</ele>
      </trkpt>
      <trkpt lat="-44.650870682671666" lon="168.33722471259534">
        <ele>471.4</ele>
      </trkpt>
      <trkpt lat="-44.65086783282459" lon="168.3372491877526">
        <ele>471.4</ele>
      </trkpt>
      <trkpt lat="-44.650867749005556" lon="168.33725673146546">
        <ele>471.6</ele>
      </trkpt>
      <trkpt lat="-44.65085484087467" lon="168.33730978891253">
        <ele>472</ele>
      </trkpt>
      <trkpt lat="-44.65084922499955" lon="168.33732831291854">
        <ele>472</ele>
      </trkpt>
      <trkpt lat="-44.650797760114074" lon="168.33739151246846">
        <ele>472.4</ele>
      </trkpt>
      <trkpt lat="-44.65078133158386" lon="168.33740366622806">
        <ele>472.6</ele>
      </trkpt>
      <trkpt lat="-44.6507135219872" lon="168.33748631179333">
        <ele>472.8</ele>
      </trkpt>
      <trkpt lat="-44.65067991055548" lon="168.33753978833556">
        <ele>472.4</ele>
      </trkpt>
      <trkpt lat="-44.65065099298954" lon="168.33758831955492">
        <ele>472.6</ele>
      </trkpt>
      <trkpt lat="-44.650638587772846" lon="168.3375982940197">
        <ele>472.4</ele>
      </trkpt>
      <trkpt lat="-44.65059634298086" lon="168.3376402873546">
        <ele>472.2</ele>
      </trkpt>
      <trkpt lat="-44.65055091306567" lon="168.33768772892654">
        <ele>472.2</ele>
      </trkpt>
      <trkpt lat="-44.650543285533786" lon="168.33771480247378">
        <ele>472.2</ele>
      </trkpt>
      <trkpt lat="-44.650516798719764" lon="168.3377830311656">
        <ele>472.6</ele>
      </trkpt>
      <trkpt lat="-44.65048637241125" lon="168.33784388378263">
        <ele>472.8</ele>
      </trkpt>
      <trkpt lat="-44.650468016043305" lon="168.33787439391017">
        <ele>473</ele>
      </trkpt>
      <trkpt lat="-44.65046516619623" lon="168.33790180273354">
        <ele>473.4</ele>
      </trkpt>
      <trkpt lat="-44.650429878383875" lon="168.33791689015925">
        <ele>473.6</ele>
      </trkpt>
      <trkpt lat="-44.650420658290386" lon="168.33792510442436">
        <ele>473.6</ele>
      </trkpt>
      <trkpt lat="-44.6504043135792" lon="168.33794312551618">
        <ele>473.6</ele>
      </trkpt>
      <trkpt lat="-44.65039936825633" lon="168.3379482384771">
        <ele>473.6</ele>
      </trkpt>
      <trkpt lat="-44.65036156587303" lon="168.3379313070327">
        <ele>474</ele>
      </trkpt>
      <trkpt lat="-44.65035737492144" lon="168.33793013356626">
        <ele>474</ele>
      </trkpt>
      <trkpt lat="-44.65034455060959" lon="168.33795921877027">
        <ele>474.6</ele>
      </trkpt>
      <trkpt lat="-44.65033784508705" lon="168.33796416409314">
        <ele>474.6</ele>
      </trkpt>
      <trkpt lat="-44.65029861778021" lon="168.33802132867277">
        <ele>475.2</ele>
      </trkpt>
      <trkpt lat="-44.65027531608939" lon="168.33805033005774">
        <ele>475.6</ele>
      </trkpt>
      <trkpt lat="-44.65023944154382" lon="168.33804320544004">
        <ele>476.2</ele>
      </trkpt>
      <trkpt lat="-44.650204153731465" lon="168.33806038834155">
        <ele>476.6</ele>
      </trkpt>
      <trkpt lat="-44.65019082650542" lon="168.3381165470928">
        <ele>476.6</ele>
      </trkpt>
      <trkpt lat="-44.65018814429641" lon="168.33814873360097">
        <ele>476.8</ele>
      </trkpt>
      <trkpt lat="-44.650179762393236" lon="168.33820153959095">
        <ele>477</ele>
      </trkpt>
      <trkpt lat="-44.65016366913915" lon="168.3382045570761">
        <ele>477</ele>
      </trkpt>
      <trkpt lat="-44.650136260315776" lon="168.3382524177432">
        <ele>477</ele>
      </trkpt>
      <trkpt lat="-44.65010273270309" lon="168.33829013630748">
        <ele>477.6</ele>
      </trkpt>
      <trkpt lat="-44.65008873492479" lon="168.33829776383936">
        <ele>477.8</ele>
      </trkpt>
      <trkpt lat="-44.6500433050096" lon="168.33831444382668">
        <ele>478</ele>
      </trkpt>
      <trkpt lat="-44.649996785447" lon="168.338328525424">
        <ele>478.8</ele>
      </trkpt>
      <trkpt lat="-44.64998505078256" lon="168.33833849988878">
        <ele>478.8</ele>
      </trkpt>
      <trkpt lat="-44.64997524395585" lon="168.3383610472083">
        <ele>479</ele>
      </trkpt>
      <trkpt lat="-44.649961246177554" lon="168.33840605802834">
        <ele>479.4</ele>
      </trkpt>
      <trkpt lat="-44.649935932829976" lon="168.3384387474507">
        <ele>479.4</ele>
      </trkpt>
      <trkpt lat="-44.64991506189108" lon="168.33845517598093">
        <ele>479.6</ele>
      </trkpt>
      <trkpt lat="-44.64990927837789" lon="168.33845945075154">
        <ele>480</ele>
      </trkpt>
      <trkpt lat="-44.649895364418626" lon="168.33846942521632">
        <ele>480.6</ele>
      </trkpt>
      <trkpt lat="-44.64988958090544" lon="168.33847906440496">
        <ele>481</ele>
      </trkpt>
      <trkpt lat="-44.649867452681065" lon="168.3385114185512">
        <ele>481.2</ele>
      </trkpt>
      <trkpt lat="-44.64984968304634" lon="168.3385417610407">
        <ele>481</ele>
      </trkpt>
      <trkpt lat="-44.64982797391713" lon="168.338574282825">
        <ele>481</ele>
      </trkpt>
      <trkpt lat="-44.64979880489409" lon="168.3385882806033">
        <ele>481.2</ele>
      </trkpt>
      <trkpt lat="-44.64978271164" lon="168.33860806189477">
        <ele>482</ele>
      </trkpt>
      <trkpt lat="-44.64977877214551" lon="168.33860982209444">
        <ele>482.2</ele>
      </trkpt>
      <trkpt lat="-44.6497705578804" lon="168.33860906772316">
        <ele>482.4</ele>
      </trkpt>
      <trkpt lat="-44.649730157107115" lon="168.33859104663134">
        <ele>482.4</ele>
      </trkpt>
      <trkpt lat="-44.64970836415887" lon="168.33859808743">
        <ele>482.2</ele>
      </trkpt>
      <trkpt lat="-44.64969294145703" lon="168.3386065531522">
        <ele>482.2</ele>
      </trkpt>
      <trkpt lat="-44.649652456864715" lon="168.33860781043768">
        <ele>483</ele>
      </trkpt>
      <trkpt lat="-44.649645080789924" lon="168.33861803635955">
        <ele>483</ele>
      </trkpt>
      <trkpt lat="-44.649613564834" lon="168.33865449763834">
        <ele>483.2</ele>
      </trkpt>
      <trkpt lat="-44.64959520846605" lon="168.33872507326305">
        <ele>483.6</ele>
      </trkpt>
      <trkpt lat="-44.64959160424769" lon="168.33874627947807">
        <ele>484</ele>
      </trkpt>
      <trkpt lat="-44.64957567863166" lon="168.3387720119208">
        <ele>484.6</ele>
      </trkpt>
      <trkpt lat="-44.64954868890345" lon="168.3388055395335">
        <ele>484.8</ele>
      </trkpt>
      <trkpt lat="-44.649510718882084" lon="168.33882490172982">
        <ele>485.2</ele>
      </trkpt>
      <trkpt lat="-44.64950325898826" lon="168.3388343732804">
        <ele>485.2</ele>
      </trkpt>
      <trkpt lat="-44.64950175024569" lon="168.33882557228208">
        <ele>485</ele>
      </trkpt>
      <trkpt lat="-44.649505438283086" lon="168.33881760947406">
        <ele>484.4</ele>
      </trkpt>
      <trkpt lat="-44.64951239526272" lon="168.338812161237">
        <ele>484.2</ele>
      </trkpt>
      <trkpt lat="-44.64952270500362" lon="168.3388166874647">
        <ele>484</ele>
      </trkpt>
      <trkpt lat="-44.64950921013951" lon="168.3388211298734">
        <ele>484.2</ele>
      </trkpt>
      <trkpt lat="-44.64949839748442" lon="168.33883177489042">
        <ele>484.4</ele>
      </trkpt>
      <trkpt lat="-44.649477107450366" lon="168.33887150511146">
        <ele>485.2</ele>
      </trkpt>
      <trkpt lat="-44.64946604333818" lon="168.3388898614794">
        <ele>485.4</ele>
      </trkpt>
      <trkpt lat="-44.649457074701786" lon="168.33890218287706">
        <ele>485.6</ele>
      </trkpt>
      <trkpt lat="-44.64944064617157" lon="168.33893034607172">
        <ele>485.8</ele>
      </trkpt>
      <trkpt lat="-44.649427151307464" lon="168.3389617782086">
        <ele>486</ele>
      </trkpt>
      <trkpt lat="-44.64940854348242" lon="168.3390037715435">
        <ele>486.2</ele>
      </trkpt>
      <trkpt lat="-44.64940343052149" lon="168.33901106379926">
        <ele>486.4</ele>
      </trkpt>
      <trkpt lat="-44.64939873665571" lon="168.339039478451">
        <ele>487</ele>
      </trkpt>
      <trkpt lat="-44.64939429424703" lon="168.33904853090644">
        <ele>487.2</ele>
      </trkpt>
      <trkpt lat="-44.64938901364803" lon="168.33907443098724">
        <ele>487.2</ele>
      </trkpt>
      <trkpt lat="-44.64938507415354" lon="168.33908398635685">
        <ele>487.2</ele>
      </trkpt>
      <trkpt lat="-44.64936495758593" lon="168.33911072462797">
        <ele>487</ele>
      </trkpt>
      <trkpt lat="-44.649364203214645" lon="168.33913436159492">
        <ele>486.8</ele>
      </trkpt>
      <trkpt lat="-44.64936378411949" lon="168.3391427434981">
        <ele>487</ele>
      </trkpt>
      <trkpt lat="-44.64935364201665" lon="168.3391784504056">
        <ele>487.2</ele>
      </trkpt>
      <trkpt lat="-44.649349283427" lon="168.3391988184303">
        <ele>487.2</ele>
      </trkpt>
      <trkpt lat="-44.64934475719929" lon="168.33920476958156">
        <ele>487.4</ele>
      </trkpt>
      <trkpt lat="-44.649330005049706" lon="168.33921222947538">
        <ele>487.4</ele>
      </trkpt>
      <trkpt lat="-44.649319192394614" lon="168.33921248093247">
        <ele>487.6</ele>
      </trkpt>
      <trkpt lat="-44.649276696145535" lon="168.339213905856">
        <ele>488</ele>
      </trkpt>
      <trkpt lat="-44.64925641193986" lon="168.339240308851">
        <ele>488.2</ele>
      </trkpt>
      <trkpt lat="-44.64925557374954" lon="168.33925078622997">
        <ele>488.4</ele>
      </trkpt>
      <trkpt lat="-44.64925205335021" lon="168.3392632752657">
        <ele>488.6</ele>
      </trkpt>
      <trkpt lat="-44.64924048632383" lon="168.3392714895308">
        <ele>488.8</ele>
      </trkpt>
      <trkpt lat="-44.649219783023" lon="168.33926822058856">
        <ele>489</ele>
      </trkpt>
      <trkpt lat="-44.64920955710113" lon="168.3392735850066">
        <ele>489</ele>
      </trkpt>
      <trkpt lat="-44.649201007559896" lon="168.33929202519357">
        <ele>489.2</ele>
      </trkpt>
      <trkpt lat="-44.64918935671449" lon="168.33933343179524">
        <ele>489.6</ele>
      </trkpt>
      <trkpt lat="-44.64917762205005" lon="168.33934240043163">
        <ele>489.6</ele>
      </trkpt>
      <trkpt lat="-44.649170162156224" lon="168.33934927359223">
        <ele>489.6</ele>
      </trkpt>
      <trkpt lat="-44.64918055571616" lon="168.33935547620058">
        <ele>489.8</ele>
      </trkpt>
      <trkpt lat="-44.649199498817325" lon="168.33937257528305">
        <ele>489.8</ele>
      </trkpt>
      <trkpt lat="-44.649199498817325" lon="168.33937257528305">
        <ele>478.9574328932796</ele>
      </trkpt>
      <trkpt lat="-44.6491368021816" lon="168.33962528966367">
        <ele>480.2728515625014</ele>
      </trkpt>
      <trkpt lat="-44.6491368021816" lon="168.33962528966367">
        <ele>502.4</ele>
      </trkpt>
      <trkpt lat="-44.649150716140866" lon="168.33963769488037">
        <ele>502.8</ele>
      </trkpt>
      <trkpt lat="-44.64916261844337" lon="168.33964901044965">
        <ele>503</ele>
      </trkpt>
      <trkpt lat="-44.649169156327844" lon="168.33966862410307">
        <ele>503.4</ele>
      </trkpt>
      <trkpt lat="-44.649170748889446" lon="168.3396890759468">
        <ele>503.6</ele>
      </trkpt>
      <trkpt lat="-44.64918642304838" lon="168.33969946950674">
        <ele>503.4</ele>
      </trkpt>
      <trkpt lat="-44.649196146056056" lon="168.3397178258747">
        <ele>503.4</ele>
      </trkpt>
      <trkpt lat="-44.64918751269579" lon="168.33974288776517">
        <ele>503.6</ele>
      </trkpt>
      <trkpt lat="-44.64918751269579" lon="168.33974464796484">
        <ele>504</ele>
      </trkpt>
      <trkpt lat="-44.6491870097816" lon="168.33975110203028">
        <ele>504.2</ele>
      </trkpt>
      <trkpt lat="-44.64919053018093" lon="168.33975822664797">
        <ele>504.6</ele>
      </trkpt>
      <trkpt lat="-44.649202013388276" lon="168.33976476453245">
        <ele>505.2</ele>
      </trkpt>
      <trkpt lat="-44.64921651408076" lon="168.33977247588336">
        <ele>505.8</ele>
      </trkpt>
      <trkpt lat="-44.64924325235188" lon="168.3397855516523">
        <ele>507</ele>
      </trkpt>
      <trkpt lat="-44.64924434199929" lon="168.3398087695241">
        <ele>508</ele>
      </trkpt>
      <trkpt lat="-44.64928289875388" lon="168.33982058800757">
        <ele>509</ele>
      </trkpt>
      <trkpt lat="-44.64929169975221" lon="168.33983240649104">
        <ele>509.4</ele>
      </trkpt>
      <trkpt lat="-44.649299243465066" lon="168.33984715864062">
        <ele>510.4</ele>
      </trkpt>
      <trkpt lat="-44.649302093312144" lon="168.33984355442226">
        <ele>510.8</ele>
      </trkpt>
      <trkpt lat="-44.64931223541498" lon="168.33985520526767">
        <ele>511.2</ele>
      </trkpt>
      <trkpt lat="-44.649304607883096" lon="168.33986224606633">
        <ele>511.4</ele>
      </trkpt>
      <trkpt lat="-44.649255238473415" lon="168.33987766876817">
        <ele>512.2</ele>
      </trkpt>
      <trkpt lat="-44.649238558486104" lon="168.33989426493645">
        <ele>512.2</ele>
      </trkpt>
      <trkpt lat="-44.64922472834587" lon="168.33989736624062">
        <ele>512.4</ele>
      </trkpt>
      <trkpt lat="-44.64922263287008" lon="168.33991563878953">
        <ele>512.8</ele>
      </trkpt>
      <trkpt lat="-44.64921441860497" lon="168.33996039815247">
        <ele>513</ele>
      </trkpt>
      <trkpt lat="-44.64919597841799" lon="168.3399699535221">
        <ele>513.6</ele>
      </trkpt>
      <trkpt lat="-44.649188769981265" lon="168.33998789079487">
        <ele>514.8</ele>
      </trkpt>
      <trkpt lat="-44.649150129407644" lon="168.34000767208636">
        <ele>515.4</ele>
      </trkpt>
      <trkpt lat="-44.64914753101766" lon="168.34002267569304">
        <ele>515.6</ele>
      </trkpt>
      <trkpt lat="-44.64914359152317" lon="168.34003751166165">
        <ele>515.6</ele>
      </trkpt>
      <trkpt lat="-44.64914417825639" lon="168.3400510903448">
        <ele>515.8</ele>
      </trkpt>
      <trkpt lat="-44.649129929021" lon="168.3400556165725">
        <ele>516.4</ele>
      </trkpt>
      <trkpt lat="-44.64913588017225" lon="168.34006601013243">
        <ele>516.6</ele>
      </trkpt>
      <trkpt lat="-44.649138478562236" lon="168.3400743920356">
        <ele>516.8</ele>
      </trkpt>
      <trkpt lat="-44.6491439267993" lon="168.34009249694645">
        <ele>517.8</ele>
      </trkpt>
      <trkpt lat="-44.64914250187576" lon="168.34010314196348">
        <ele>518</ele>
      </trkpt>
      <trkpt lat="-44.64914250187576" lon="168.340138848871">
        <ele>519.2</ele>
      </trkpt>
      <trkpt lat="-44.64913462288678" lon="168.34015536122024">
        <ele>519.6</ele>
      </trkpt>
      <trkpt lat="-44.64912984520197" lon="168.34016273729503">
        <ele>519.8</ele>
      </trkpt>
      <trkpt lat="-44.64912892319262" lon="168.3401690237224">
        <ele>520.2</ele>
      </trkpt>
      <trkpt lat="-44.64911928400397" lon="168.34019048139453">
        <ele>520.8</ele>
      </trkpt>
      <trkpt lat="-44.64910738170147" lon="168.3402028027922">
        <ele>521.4</ele>
      </trkpt>
      <trkpt lat="-44.64909330010414" lon="168.34024337120354">
        <ele>522.2</ele>
      </trkpt>
      <trkpt lat="-44.64908977970481" lon="168.34024370647967">
        <ele>522.4</ele>
      </trkpt>
      <trkpt lat="-44.64908827096224" lon="168.34025158546865">
        <ele>522.8</ele>
      </trkpt>
      <trkpt lat="-44.64907209388912" lon="168.34026616998017">
        <ele>523.6</ele>
      </trkpt>
      <trkpt lat="-44.649078296497464" lon="168.3402955904603">
        <ele>524.2</ele>
      </trkpt>
      <trkpt lat="-44.64906790293753" lon="168.34033037535846">
        <ele>524.6</ele>
      </trkpt>
      <trkpt lat="-44.64906144887209" lon="168.34034202620387">
        <ele>524.8</ele>
      </trkpt>
      <trkpt lat="-44.649058766663074" lon="168.34034437313676">
        <ele>525</ele>
      </trkpt>
      <trkpt lat="-44.64905180968344" lon="168.34036373533309">
        <ele>525.4</ele>
      </trkpt>
      <trkpt lat="-44.64906052686274" lon="168.34038829430938">
        <ele>525.6</ele>
      </trkpt>
      <trkpt lat="-44.649065136909485" lon="168.34040958434343">
        <ele>525.6</ele>
      </trkpt>
      <trkpt lat="-44.64907553046942" lon="168.34044218994677">
        <ele>525</ele>
      </trkpt>
      <trkpt lat="-44.649078296497464" lon="168.34049658849835">
        <ele>525</ele>
      </trkpt>
      <trkpt lat="-44.649083744734526" lon="168.34050765261054">
        <ele>525</ele>
      </trkpt>
      <trkpt lat="-44.64909045025706" lon="168.34057588130236">
        <ele>525</ele>
      </trkpt>
      <trkpt lat="-44.64909422211349" lon="168.34061661735177">
        <ele>525.2</ele>
      </trkpt>
      <trkpt lat="-44.649113081395626" lon="168.34062810055912">
        <ele>525.4</ele>
      </trkpt>
      <trkpt lat="-44.649104699492455" lon="168.34065726958215">
        <ele>526</ele>
      </trkpt>
      <trkpt lat="-44.64910788461566" lon="168.34066070616245">
        <ele>526.2</ele>
      </trkpt>
      <trkpt lat="-44.64910109527409" lon="168.34067914634943">
        <ele>526.2</ele>
      </trkpt>
      <trkpt lat="-44.64908483438194" lon="168.340704459697">
        <ele>526</ele>
      </trkpt>
      <trkpt lat="-44.649100257083774" lon="168.34069984965026">
        <ele>525.8</ele>
      </trkpt>
      <trkpt lat="-44.64910503476858" lon="168.34070169366896">
        <ele>526</ele>
      </trkpt>
      <trkpt lat="-44.64910503476858" lon="168.34070169366896">
        <ele>501.766640574486</ele>
      </trkpt>
      <trkpt lat="-44.64911241084337" lon="168.34072097204626">
        <ele>501.8134519631516</ele>
      </trkpt>
      <trkpt lat="-44.64911241084337" lon="168.34072097204626">
        <ele>520.8</ele>
      </trkpt>
      <trkpt lat="-44.64911995455623" lon="168.34077696315944">
        <ele>520.2</ele>
      </trkpt>
      <trkpt lat="-44.649114925414324" lon="168.34078936837614">
        <ele>520.4</ele>
      </trkpt>
      <trkpt lat="-44.64912070892751" lon="168.3408468682319">
        <ele>521</ele>
      </trkpt>
      <trkpt lat="-44.64912355877459" lon="168.3408738579601">
        <ele>521.2</ele>
      </trkpt>
      <trkpt lat="-44.64913378469646" lon="168.34089623764157">
        <ele>522.2</ele>
      </trkpt>
      <trkpt lat="-44.64913462288678" lon="168.3409073855728">
        <ele>522.6</ele>
      </trkpt>
      <trkpt lat="-44.649135544896126" lon="168.3409314416349">
        <ele>523.2</ele>
      </trkpt>
      <trkpt lat="-44.64913127012551" lon="168.34095675498247">
        <ele>523.8</ele>
      </trkpt>
      <trkpt lat="-44.64911140501499" lon="168.34098332561553">
        <ele>524.8</ele>
      </trkpt>
      <trkpt lat="-44.649109058082104" lon="168.3409996703267">
        <ele>525.2</ele>
      </trkpt>
      <trkpt lat="-44.64911878108978" lon="168.34103470668197">
        <ele>525.8</ele>
      </trkpt>
      <trkpt lat="-44.6491230558604" lon="168.34104593843222">
        <ele>526</ele>
      </trkpt>
      <trkpt lat="-44.649127665907145" lon="168.34111584350467">
        <ele>525.4</ele>
      </trkpt>
      <trkpt lat="-44.64912163093686" lon="168.3411901909858">
        <ele>525.6</ele>
      </trkpt>
      <trkpt lat="-44.64911391958594" lon="168.34123612381518">
        <ele>526.4</ele>
      </trkpt>
      <trkpt lat="-44.6491127461195" lon="168.3412467688322">
        <ele>526.8</ele>
      </trkpt>
      <trkpt lat="-44.649108638986945" lon="168.34126453846693">
        <ele>527.2</ele>
      </trkpt>
      <trkpt lat="-44.649111991748214" lon="168.34131432697177">
        <ele>528.2</ele>
      </trkpt>
      <trkpt lat="-44.64910838752985" lon="168.34135053679347">
        <ele>529</ele>
      </trkpt>
      <trkpt lat="-44.649107130244374" lon="168.3413595892489">
        <ele>529.4</ele>
      </trkpt>
      <trkpt lat="-44.64910947717726" lon="168.34136813879013">
        <ele>529.6</ele>
      </trkpt>
      <trkpt lat="-44.64910151436925" lon="168.3413902670145">
        <ele>530.2</ele>
      </trkpt>
      <trkpt lat="-44.64909992180765" lon="168.3414037618786">
        <ele>530.4</ele>
      </trkpt>
      <trkpt lat="-44.649100759997964" lon="168.3414143230766">
        <ele>530.6</ele>
      </trkpt>
      <trkpt lat="-44.6491093095392" lon="168.3414446655661">
        <ele>530.8</ele>
      </trkpt>
      <trkpt lat="-44.649113500490785" lon="168.3414674643427">
        <ele>530.4</ele>
      </trkpt>
      <trkpt lat="-44.649107716977596" lon="168.3414737507701">
        <ele>530.2</ele>
      </trkpt>
      <trkpt lat="-44.64909774251282" lon="168.3414771873504">
        <ele>530</ele>
      </trkpt>
      <trkpt lat="-44.64908550493419" lon="168.34149797447026">
        <ele>529.6</ele>
      </trkpt>
      <trkpt lat="-44.649083241820335" lon="168.34151373244822">
        <ele>529.6</ele>
      </trkpt>
      <trkpt lat="-44.64907460846007" lon="168.34154281765223">
        <ele>529.6</ele>
      </trkpt>
      <trkpt lat="-44.64907611720264" lon="168.34155052900314">
        <ele>529.4</ele>
      </trkpt>
      <trkpt lat="-44.649066058918834" lon="168.34156234748662">
        <ele>529</ele>
      </trkpt>
      <trkpt lat="-44.64905264787376" lon="168.34157718345523">
        <ele>528.8</ele>
      </trkpt>
      <trkpt lat="-44.64903999119997" lon="168.34160626865923">
        <ele>529</ele>
      </trkpt>
      <trkpt lat="-44.64901149272919" lon="168.34167902357876">
        <ele>530</ele>
      </trkpt>
      <trkpt lat="-44.64899950660765" lon="168.34169989451766">
        <ele>530.4</ele>
      </trkpt>
      <trkpt lat="-44.64898785576224" lon="168.34172680042684">
        <ele>531.2</ele>
      </trkpt>
      <trkpt lat="-44.6489901188761" lon="168.34172965027392">
        <ele>531.4</ele>
      </trkpt>
      <trkpt lat="-44.648990370333195" lon="168.34173476323485">
        <ele>531.6</ele>
      </trkpt>
      <trkpt lat="-44.648988442495465" lon="168.34176225587726">
        <ele>532</ele>
      </trkpt>
      <trkpt lat="-44.6489729359746" lon="168.34179134108126">
        <ele>532.2</ele>
      </trkpt>
      <trkpt lat="-44.64895608834922" lon="168.34184230305254">
        <ele>532.6</ele>
      </trkpt>
      <trkpt lat="-44.648948796093464" lon="168.34185915067792">
        <ele>532.8</ele>
      </trkpt>
      <trkpt lat="-44.64892163872719" lon="168.34191204048693">
        <ele>533.6</ele>
      </trkpt>
      <trkpt lat="-44.64890889823437" lon="168.34194171242416">
        <ele>533.8</ele>
      </trkpt>
      <trkpt lat="-44.64890085160732" lon="168.34197331219912">
        <ele>534</ele>
      </trkpt>
      <trkpt lat="-44.64888182468712" lon="168.34200222976506">
        <ele>534.2</ele>
      </trkpt>
      <trkpt lat="-44.64887713082135" lon="168.3420142158866">
        <ele>534.2</ele>
      </trkpt>
      <trkpt lat="-44.64886145666242" lon="168.34204053506255">
        <ele>534</ele>
      </trkpt>
      <trkpt lat="-44.64884796179831" lon="168.3420427981764">
        <ele>534</ele>
      </trkpt>
      <trkpt lat="-44.64883664622903" lon="168.3420607354492">
        <ele>533.8</ele>
      </trkpt>
      <trkpt lat="-44.648821307346225" lon="168.34209040738642">
        <ele>534</ele>
      </trkpt>
      <trkpt lat="-44.648814434185624" lon="168.34210189059377">
        <ele>534</ele>
      </trkpt>
      <trkpt lat="-44.64878945611417" lon="168.34213508293033">
        <ele>533.6</ele>
      </trkpt>
      <trkpt lat="-44.64878878556192" lon="168.34214790724218">
        <ele>533.6</ele>
      </trkpt>
      <trkpt lat="-44.64878727681935" lon="168.34216182120144">
        <ele>533.8</ele>
      </trkpt>
      <trkpt lat="-44.64878425933421" lon="168.3421707060188">
        <ele>533.8</ele>
      </trkpt>
      <trkpt lat="-44.64879171922803" lon="168.34220046177506">
        <ele>534.2</ele>
      </trkpt>
      <trkpt lat="-44.64880479499698" lon="168.34223499521613">
        <ele>534.2</ele>
      </trkpt>
      <trkpt lat="-44.64880211278796" lon="168.34225620143116">
        <ele>534.2</ele>
      </trkpt>
      <trkpt lat="-44.64880043640733" lon="168.34229459054768">
        <ele>534.6</ele>
      </trkpt>
      <trkpt lat="-44.64880236424506" lon="168.3423038944602">
        <ele>534.8</ele>
      </trkpt>
      <trkpt lat="-44.64880412444472" lon="168.342316551134">
        <ele>535</ele>
      </trkpt>
      <trkpt lat="-44.64879381470382" lon="168.34234127774835">
        <ele>535.2</ele>
      </trkpt>
      <trkpt lat="-44.648784678429365" lon="168.34235955029726">
        <ele>535.4</ele>
      </trkpt>
      <trkpt lat="-44.6487776376307" lon="168.34237933158875">
        <ele>535.8</ele>
      </trkpt>
      <trkpt lat="-44.64876648969948" lon="168.3423919044435">
        <ele>535.8</ele>
      </trkpt>
      <trkpt lat="-44.64876154437661" lon="168.34240439347923">
        <ele>536</ele>
      </trkpt>
      <trkpt lat="-44.64874402619898" lon="168.3424767293036">
        <ele>536</ele>
      </trkpt>
      <trkpt lat="-44.64874587021768" lon="168.34249399602413">
        <ele>536</ele>
      </trkpt>
      <trkpt lat="-44.64874595403671" lon="168.3425044734031">
        <ele>536</ele>
      </trkpt>
      <trkpt lat="-44.6487430203706" lon="168.34251536987722">
        <ele>536</ele>
      </trkpt>
      <trkpt lat="-44.64875224046409" lon="168.34251863881946">
        <ele>535.8</ele>
      </trkpt>
      <trkpt lat="-44.64875081554055" lon="168.34257597103715">
        <ele>536</ele>
      </trkpt>
      <trkpt lat="-44.64875810779631" lon="168.34259139373899">
        <ele>536</ele>
      </trkpt>
      <trkpt lat="-44.64877218939364" lon="168.34261938929558">
        <ele>535.8</ele>
      </trkpt>
      <trkpt lat="-44.648780319839716" lon="168.3426218200475">
        <ele>535.8</ele>
      </trkpt>
      <trkpt lat="-44.648772943764925" lon="168.34266180172563">
        <ele>536</ele>
      </trkpt>
      <trkpt lat="-44.648774955421686" lon="168.34270069375634">
        <ele>536.4</ele>
      </trkpt>
      <trkpt lat="-44.64877855964005" lon="168.34272282198071">
        <ele>536.4</ele>
      </trkpt>
      <trkpt lat="-44.64875986799598" lon="168.34276389330626">
        <ele>536.6</ele>
      </trkpt>
      <trkpt lat="-44.64874821715057" lon="168.34277981892228">
        <ele>536.8</ele>
      </trkpt>
      <trkpt lat="-44.6487448643893" lon="168.3427909668535">
        <ele>537</ele>
      </trkpt>
      <trkpt lat="-44.64873254299164" lon="168.34283002652228">
        <ele>537.4</ele>
      </trkpt>
      <trkpt lat="-44.64868510141969" lon="168.34287084639072">
        <ele>538</ele>
      </trkpt>
      <trkpt lat="-44.64867537841201" lon="168.34288174286485">
        <ele>538.2</ele>
      </trkpt>
      <trkpt lat="-44.64867361821234" lon="168.3429016917944">
        <ele>538.2</ele>
      </trkpt>
      <trkpt lat="-44.648664481937885" lon="168.34290739148855">
        <ele>538.4</ele>
      </trkpt>
      <trkpt lat="-44.64865601621568" lon="168.3429035358131">
        <ele>538.6</ele>
      </trkpt>
      <trkpt lat="-44.64864612556994" lon="168.34290269762278">
        <ele>538.6</ele>
      </trkpt>
      <trkpt lat="-44.648611759766936" lon="168.3429009374231">
        <ele>538.4</ele>
      </trkpt>
      <trkpt lat="-44.64858368039131" lon="168.3429186232388">
        <ele>538.6</ele>
      </trkpt>
      <trkpt lat="-44.648567251861095" lon="168.34293438121676">
        <ele>538.8</ele>
      </trkpt>
      <trkpt lat="-44.64856691658497" lon="168.34294326603413">
        <ele>539</ele>
      </trkpt>
      <trkpt lat="-44.64854973368347" lon="168.34298006258905">
        <ele>539</ele>
      </trkpt>
      <trkpt lat="-44.64854537509382" lon="168.34300009533763">
        <ele>539.2</ele>
      </trkpt>
      <trkpt lat="-44.64851922355592" lon="168.34305860102177">
        <ele>540</ele>
      </trkpt>
      <trkpt lat="-44.64850916527212" lon="168.34307754412293">
        <ele>540.2</ele>
      </trkpt>
      <trkpt lat="-44.648491563275456" lon="168.34312012419105">
        <ele>540.8</ele>
      </trkpt>
      <trkpt lat="-44.648472452536225" lon="168.3431524783373">
        <ele>541.2</ele>
      </trkpt>
      <trkpt lat="-44.64846826158464" lon="168.34315507672727">
        <ele>541.4</ele>
      </trkpt>
      <trkpt lat="-44.64846624992788" lon="168.3431762829423">
        <ele>541.6</ele>
      </trkpt>
      <trkpt lat="-44.64847270399332" lon="168.34324442781508">
        <ele>542.2</ele>
      </trkpt>
      <trkpt lat="-44.648472955450416" lon="168.34325985051692">
        <ele>542.6</ele>
      </trkpt>
      <trkpt lat="-44.64847940951586" lon="168.34327544085681">
        <ele>543</ele>
      </trkpt>
      <trkpt lat="-44.64847454801202" lon="168.34329145029187">
        <ele>543</ele>
      </trkpt>
      <trkpt lat="-44.648469937965274" lon="168.34330293349922">
        <ele>543</ele>
      </trkpt>
      <trkpt lat="-44.648471949622035" lon="168.34331391379237">
        <ele>543</ele>
      </trkpt>
      <trkpt lat="-44.64846692048013" lon="168.34331324324012">
        <ele>543.2</ele>
      </trkpt>
      <trkpt lat="-44.64846448972821" lon="168.34331785328686">
        <ele>543.4</ele>
      </trkpt>
      <trkpt lat="-44.648452335968614" lon="168.34333268925548">
        <ele>543.8</ele>
      </trkpt>
      <trkpt lat="-44.64842056855559" lon="168.34336303174496">
        <ele>543.8</ele>
      </trkpt>
      <trkpt lat="-44.64841612614691" lon="168.34336856380105">
        <ele>544</ele>
      </trkpt>
      <trkpt lat="-44.648409420624375" lon="168.3433782029897">
        <ele>544.2</ele>
      </trkpt>
      <trkpt lat="-44.64840020053089" lon="168.3433774486184">
        <ele>544.2</ele>
      </trkpt>
      <trkpt lat="-44.64839307591319" lon="168.34337895736098">
        <ele>544.4</ele>
      </trkpt>
      <trkpt lat="-44.64837254025042" lon="168.34340033121407">
        <ele>544.6</ele>
      </trkpt>
      <trkpt lat="-44.64833289384842" lon="168.34342271089554">
        <ele>544.8</ele>
      </trkpt>
      <trkpt lat="-44.64831428602338" lon="168.3434408158064">
        <ele>544.6</ele>
      </trkpt>
      <trkpt lat="-44.648298528045416" lon="168.34346311166883">
        <ele>544.6</ele>
      </trkpt>
      <trkpt lat="-44.648277908563614" lon="168.34349965676665">
        <ele>544.6</ele>
      </trkpt>
      <trkpt lat="-44.648272041231394" lon="168.3434994891286">
        <ele>544.6</ele>
      </trkpt>
      <trkpt lat="-44.64824806898832" lon="168.3435069490224">
        <ele>544.2</ele>
      </trkpt>
      <trkpt lat="-44.64826064184308" lon="168.34351818077266">
        <ele>543</ele>
      </trkpt>
      <trkpt lat="-44.6482649166137" lon="168.34353083744645">
        <ele>541.8</ele>
      </trkpt>
      <trkpt lat="-44.64825980365276" lon="168.3435460086912">
        <ele>541</ele>
      </trkpt>
      <trkpt lat="-44.648257959634066" lon="168.3435512892902">
        <ele>539.4</ele>
      </trkpt>
      <trkpt lat="-44.64824211783707" lon="168.34355279803276">
        <ele>539.2</ele>
      </trkpt>
      <trkpt lat="-44.648233065381646" lon="168.34358733147383">
        <ele>538.2</ele>
      </trkpt>
      <trkpt lat="-44.64822359383106" lon="168.34361063316464">
        <ele>538.4</ele>
      </trkpt>
      <trkpt lat="-44.6482199896127" lon="168.34362756460905">
        <ele>539</ele>
      </trkpt>
      <trkpt lat="-44.6482094284147" lon="168.34362672641873">
        <ele>539.4</ele>
      </trkpt>
      <trkpt lat="-44.64820850640535" lon="168.34362857043743">
        <ele>539.8</ele>
      </trkpt>
      <trkpt lat="-44.6481869649142" lon="168.3436461724341">
        <ele>540.4</ele>
      </trkpt>
      <trkpt lat="-44.64816961437464" lon="168.34365162067115">
        <ele>541.4</ele>
      </trkpt>
      <trkpt lat="-44.64812426827848" lon="168.34365346468985">
        <ele>541.6</ele>
      </trkpt>
      <trkpt lat="-44.64811756275594" lon="168.34365799091756">
        <ele>541.8</ele>
      </trkpt>
      <trkpt lat="-44.64811244979501" lon="168.34366980940104">
        <ele>542</ele>
      </trkpt>
      <trkpt lat="-44.648094261065125" lon="168.34371892735362">
        <ele>542.8</ele>
      </trkpt>
      <trkpt lat="-44.64808847755194" lon="168.34371498785913">
        <ele>543</ele>
      </trkpt>
      <trkpt lat="-44.648051680997014" lon="168.3437149040401">
        <ele>543.6</ele>
      </trkpt>
      <trkpt lat="-44.648039527237415" lon="168.34372395649552">
        <ele>543.8</ele>
      </trkpt>
      <trkpt lat="-44.64803089387715" lon="168.34372672252357">
        <ele>544</ele>
      </trkpt>
      <trkpt lat="-44.64800113812089" lon="168.3437540475279">
        <ele>544</ele>
      </trkpt>
      <trkpt lat="-44.64799091219902" lon="168.34374516271055">
        <ele>544.4</ele>
      </trkpt>
      <trkpt lat="-44.64798906818032" lon="168.34374700672925">
        <ele>544.4</ele>
      </trkpt>
      <trkpt lat="-44.64797029271722" lon="168.34375513717532">
        <ele>545</ele>
      </trkpt>
      <trkpt lat="-44.647962749004364" lon="168.34378740750253">
        <ele>545.6</ele>
      </trkpt>
      <trkpt lat="-44.64796015061438" lon="168.34379964508116">
        <ele>546</ele>
      </trkpt>
      <trkpt lat="-44.64795428328216" lon="168.34381230175495">
        <ele>546.2</ele>
      </trkpt>
      <trkpt lat="-44.64794791303575" lon="168.34383023902774">
        <ele>546.2</ele>
      </trkpt>
      <trkpt lat="-44.64794414117932" lon="168.3438948635012">
        <ele>546.4</ele>
      </trkpt>
      <trkpt lat="-44.64796450920403" lon="168.34393551573157">
        <ele>547</ele>
      </trkpt>
      <trkpt lat="-44.64797783643007" lon="168.34394699893892">
        <ele>547.2</ele>
      </trkpt>
      <trkpt lat="-44.647985212504864" lon="168.34394582547247">
        <ele>547.4</ele>
      </trkpt>
      <trkpt lat="-44.64798781089485" lon="168.34395403973758">
        <ele>547.4</ele>
      </trkpt>
      <trkpt lat="-44.64798957109451" lon="168.34396770223975">
        <ele>547.4</ele>
      </trkpt>
      <trkpt lat="-44.64799384586513" lon="168.34398061037064">
        <ele>547.6</ele>
      </trkpt>
      <trkpt lat="-44.647993091493845" lon="168.34399519488215">
        <ele>547.6</ele>
      </trkpt>
      <trkpt lat="-44.64798311702907" lon="168.34401505999267">
        <ele>548.2</ele>
      </trkpt>
      <trkpt lat="-44.64796978980303" lon="168.3440412953496">
        <ele>548.6</ele>
      </trkpt>
      <trkpt lat="-44.64796149171889" lon="168.34406116046011">
        <ele>548.8</ele>
      </trkpt>
      <trkpt lat="-44.64794741012156" lon="168.344082031399">
        <ele>548.8</ele>
      </trkpt>
      <trkpt lat="-44.64792997576296" lon="168.3441279642284">
        <ele>549.4</ele>
      </trkpt>
      <trkpt lat="-44.647917402908206" lon="168.34414472803473">
        <ele>549.8</ele>
      </trkpt>
      <trkpt lat="-44.64791597798467" lon="168.34416677244008">
        <ele>550</ele>
      </trkpt>
      <trkpt lat="-44.647910026833415" lon="168.34417406469584">
        <ele>550</ele>
      </trkpt>
      <trkpt lat="-44.64790147729218" lon="168.34418227896094">
        <ele>550</ele>
      </trkpt>
      <trkpt lat="-44.647879684343934" lon="168.34419770166278">
        <ele>550.6</ele>
      </trkpt>
      <trkpt lat="-44.647868452593684" lon="168.34420683793724">
        <ele>550.8</ele>
      </trkpt>
      <trkpt lat="-44.647864010185" lon="168.3442186564207">
        <ele>551</ele>
      </trkpt>
      <trkpt lat="-44.64785696938634" lon="168.34423751570284">
        <ele>551.2</ele>
      </trkpt>
      <trkpt lat="-44.64785696938634" lon="168.34424036554992">
        <ele>551.4</ele>
      </trkpt>
      <trkpt lat="-44.64785638265312" lon="168.344253776595">
        <ele>551.4</ele>
      </trkpt>
      <trkpt lat="-44.64785294607282" lon="168.3442553691566">
        <ele>551.4</ele>
      </trkpt>
      <trkpt lat="-44.64784858748317" lon="168.34425578825176">
        <ele>551.6</ele>
      </trkpt>
      <trkpt lat="-44.647847497835755" lon="168.3442606497556">
        <ele>551.8</ele>
      </trkpt>
      <trkpt lat="-44.647837691009045" lon="168.3442904893309">
        <ele>552.4</ele>
      </trkpt>
      <trkpt lat="-44.647829895839095" lon="168.3443087618798">
        <ele>552.6</ele>
      </trkpt>
      <trkpt lat="-44.647821597754955" lon="168.34433717653155">
        <ele>552.8</ele>
      </trkpt>
      <trkpt lat="-44.647791339084506" lon="168.34434404969215">
        <ele>553.2</ele>
      </trkpt>
      <trkpt lat="-44.6477485075593" lon="168.3443663455546">
        <ele>553.2</ele>
      </trkpt>
      <trkpt lat="-44.64774398133159" lon="168.34437103942037">
        <ele>553.4</ele>
      </trkpt>
      <trkpt lat="-44.647737527266145" lon="168.34438076242805">
        <ele>553.6</ele>
      </trkpt>
      <trkpt lat="-44.64772897772491" lon="168.3443830255419">
        <ele>554</ele>
      </trkpt>
      <trkpt lat="-44.64772470295429" lon="168.3443901501596">
        <ele>554.4</ele>
      </trkpt>
      <trkpt lat="-44.64772026054561" lon="168.3443954307586">
        <ele>554.6</ele>
      </trkpt>
      <trkpt lat="-44.64771464467049" lon="168.34441169165075">
        <ele>554.6</ele>
      </trkpt>
      <trkpt lat="-44.64770835824311" lon="168.34440959617496">
        <ele>554.6</ele>
      </trkpt>
      <trkpt lat="-44.6477035805583" lon="168.3444144576788">
        <ele>554.6</ele>
      </trkpt>
      <trkpt lat="-44.6477276366204" lon="168.3444707840681">
        <ele>554.8</ele>
      </trkpt>
      <trkpt lat="-44.647728726267815" lon="168.34449760615826">
        <ele>555.2</ele>
      </trkpt>
      <trkpt lat="-44.647722942754626" lon="168.34451260976493">
        <ele>556.2</ele>
      </trkpt>
      <trkpt lat="-44.6477191708982" lon="168.34451110102236">
        <ele>556.4</ele>
      </trkpt>
      <trkpt lat="-44.647704754024744" lon="168.34451973438263">
        <ele>556.6</ele>
      </trkpt>
      <trkpt lat="-44.64767633937299" lon="168.34452711045742">
        <ele>556.4</ele>
      </trkpt>
      <trkpt lat="-44.647586485370994" lon="168.34454957395792">
        <ele>556.6</ele>
      </trkpt>
      <trkpt lat="-44.64754859916866" lon="168.3445769827813">
        <ele>557.4</ele>
      </trkpt>
      <trkpt lat="-44.64754574932158" lon="168.3445878792554">
        <ele>557.6</ele>
      </trkpt>
      <trkpt lat="-44.64754273183644" lon="168.34459424950182">
        <ele>558</ele>
      </trkpt>
      <trkpt lat="-44.64752948842943" lon="168.34461545571685">
        <ele>558.4</ele>
      </trkpt>
      <trkpt lat="-44.64752420783043" lon="168.3446209039539">
        <ele>558.6</ele>
      </trkpt>
      <trkpt lat="-44.6475082822144" lon="168.34465116262436">
        <ele>559</ele>
      </trkpt>
      <trkpt lat="-44.64750367216766" lon="168.34466440603137">
        <ele>559.2</ele>
      </trkpt>
      <trkpt lat="-44.647493278607726" lon="168.34469290450215">
        <ele>559.4</ele>
      </trkpt>
      <trkpt lat="-44.647489339113235" lon="168.34470271132886">
        <ele>559.8</ele>
      </trkpt>
      <trkpt lat="-44.647484393790364" lon="168.34471117705107">
        <ele>560</ele>
      </trkpt>
      <trkpt lat="-44.647469306364655" lon="168.34474202245474">
        <ele>560.8</ele>
      </trkpt>
      <trkpt lat="-44.64746813289821" lon="168.3447516616434">
        <ele>561.2</ele>
      </trkpt>
      <trkpt lat="-44.647467378526926" lon="168.34475660696626">
        <ele>561.6</ele>
      </trkpt>
      <trkpt lat="-44.647457990795374" lon="168.34477068856359">
        <ele>562</ele>
      </trkpt>
      <trkpt lat="-44.64744105935097" lon="168.3447825908661">
        <ele>562.4</ele>
      </trkpt>
      <trkpt lat="-44.64740660972893" lon="168.3448177948594">
        <ele>562.8</ele>
      </trkpt>
      <trkpt lat="-44.64739562943578" lon="168.34483003243804">
        <ele>563.8</ele>
      </trkpt>
      <trkpt lat="-44.64738389477134" lon="168.3448343910277">
        <ele>564</ele>
      </trkpt>
      <trkpt lat="-44.64737811125815" lon="168.3448389172554">
        <ele>564.2</ele>
      </trkpt>
      <trkpt lat="-44.64736637659371" lon="168.34484847262502">
        <ele>564.4</ele>
      </trkpt>
      <trkpt lat="-44.647353049367666" lon="168.34485542960465">
        <ele>564.8</ele>
      </trkpt>
      <trkpt lat="-44.64733368717134" lon="168.34485459141433">
        <ele>565.2</ele>
      </trkpt>
      <trkpt lat="-44.647322706878185" lon="168.3448540046811">
        <ele>565.6</ele>
      </trkpt>
      <trkpt lat="-44.64729839935899" lon="168.34487261250615">
        <ele>566.6</ele>
      </trkpt>
      <trkpt lat="-44.64725883677602" lon="168.3448928128928">
        <ele>567.6</ele>
      </trkpt>
      <trkpt lat="-44.647240564227104" lon="168.34488946013153">
        <ele>567.4</ele>
      </trkpt>
      <trkpt lat="-44.64721877127886" lon="168.34489499218762">
        <ele>567.6</ele>
      </trkpt>
      <trkpt lat="-44.64720913209021" lon="168.34489524364471">
        <ele>567.6</ele>
      </trkpt>
      <trkpt lat="-44.64715498499572" lon="168.34488971158862">
        <ele>567.8</ele>
      </trkpt>
      <trkpt lat="-44.647141406312585" lon="168.34489692002535">
        <ele>568.2</ele>
      </trkpt>
      <trkpt lat="-44.647137550637126" lon="168.34490412846208">
        <ele>568.4</ele>
      </trkpt>
      <trkpt lat="-44.64713092893362" lon="168.3449104987085">
        <ele>568.6</ele>
      </trkpt>
      <trkpt lat="-44.64712447486818" lon="168.34491360001266">
        <ele>569</ele>
      </trkpt>
      <trkpt lat="-44.64711341075599" lon="168.34492675960064">
        <ele>569.6</ele>
      </trkpt>
      <trkpt lat="-44.64708935469389" lon="168.34494427777827">
        <ele>570.2</ele>
      </trkpt>
      <trkpt lat="-44.64708365499973" lon="168.34494972601533">
        <ele>569.6</ele>
      </trkpt>
      <trkpt lat="-44.64707904495299" lon="168.3449422661215">
        <ele>569.6</ele>
      </trkpt>
      <trkpt lat="-44.647043673321605" lon="168.34496120922267">
        <ele>569.2</ele>
      </trkpt>
      <trkpt lat="-44.64703059755266" lon="168.34497411735356">
        <ele>569.2</ele>
      </trkpt>
      <trkpt lat="-44.64701886288822" lon="168.3449734468013">
        <ele>569.2</ele>
      </trkpt>
      <trkpt lat="-44.64701500721276" lon="168.34498392418027">
        <ele>569.4</ele>
      </trkpt>
      <trkpt lat="-44.64699103496969" lon="168.34498828276992">
        <ele>569.6</ele>
      </trkpt>
      <trkpt lat="-44.64697829447687" lon="168.3449932280928">
        <ele>569.8</ele>
      </trkpt>
      <trkpt lat="-44.64696907438338" lon="168.3450078126043">
        <ele>570</ele>
      </trkpt>
      <trkpt lat="-44.64696815237403" lon="168.34503019228578">
        <ele>570.2</ele>
      </trkpt>
      <trkpt lat="-44.646958597004414" lon="168.3450339641422">
        <ele>570.2</ele>
      </trkpt>
      <trkpt lat="-44.64693881571293" lon="168.34504075348377">
        <ele>570.4</ele>
      </trkpt>
      <trkpt lat="-44.64693093672395" lon="168.34504779428244">
        <ele>570.6</ele>
      </trkpt>
      <trkpt lat="-44.646930769085884" lon="168.3450484648347">
        <ele>570.8</ele>
      </trkpt>
      <trkpt lat="-44.64692372828722" lon="168.34504854865372">
        <ele>571</ele>
      </trkpt>
      <trkpt lat="-44.64692238718271" lon="168.34505994804204">
        <ele>571.2</ele>
      </trkpt>
      <trkpt lat="-44.646923057734966" lon="168.34507260471582">
        <ele>571.2</ele>
      </trkpt>
      <trkpt lat="-44.64691400527954" lon="168.34508609957993">
        <ele>571.2</ele>
      </trkpt>
      <trkpt lat="-44.64691199362278" lon="168.3450923860073">
        <ele>571.4</ele>
      </trkpt>
      <trkpt lat="-44.64690621010959" lon="168.34509481675923">
        <ele>571.6</ele>
      </trkpt>
      <trkpt lat="-44.64690176770091" lon="168.34510839544237">
        <ele>571.8</ele>
      </trkpt>
      <trkpt lat="-44.64689573273063" lon="168.34511971101165">
        <ele>572</ele>
      </trkpt>
      <trkpt lat="-44.64689204469323" lon="168.3451280090958">
        <ele>572.2</ele>
      </trkpt>
      <trkpt lat="-44.64688961394131" lon="168.3451425936073">
        <ele>572.4</ele>
      </trkpt>
      <trkpt lat="-44.64689045213163" lon="168.34515558555722">
        <ele>572.8</ele>
      </trkpt>
      <trkpt lat="-44.646885422989726" lon="168.34516455419362">
        <ele>573</ele>
      </trkpt>
      <trkpt lat="-44.646883914247155" lon="168.34519975818694">
        <ele>573.4</ele>
      </trkpt>
      <trkpt lat="-44.64687787927687" lon="168.34521861746907">
        <ele>573.4</ele>
      </trkpt>
      <trkpt lat="-44.64686664752662" lon="168.34523881785572">
        <ele>573.4</ele>
      </trkpt>
      <trkpt lat="-44.646837981417775" lon="168.3452565036714">
        <ele>573.8</ele>
      </trkpt>
      <trkpt lat="-44.6468264143914" lon="168.34526471793652">
        <ele>574</ele>
      </trkpt>
      <trkpt lat="-44.646826749667525" lon="168.3452842477709">
        <ele>574</ele>
      </trkpt>
      <trkpt lat="-44.64681853540242" lon="168.3453183621168">
        <ele>574.6</ele>
      </trkpt>
      <trkpt lat="-44.646811159327626" lon="168.34533898159862">
        <ele>575</ele>
      </trkpt>
      <trkpt lat="-44.64680696837604" lon="168.34536437876523">
        <ele>576</ele>
      </trkpt>
      <trkpt lat="-44.64680613018572" lon="168.34537150338292">
        <ele>576.2</ele>
      </trkpt>
      <trkpt lat="-44.64680747129023" lon="168.34539639763534">
        <ele>576.4</ele>
      </trkpt>
      <trkpt lat="-44.64680747129023" lon="168.34539639763534">
        <ele>567.7043168105395</ele>
      </trkpt>
      <trkpt lat="-44.64678752236068" lon="168.34540218114853">
        <ele>567.7456926441643</ele>
      </trkpt>
      <trkpt lat="-44.64678752236068" lon="168.34540218114853">
        <ele>574.2</ele>
      </trkpt>
      <trkpt lat="-44.64678098447621" lon="168.34542883560061">
        <ele>575.2</ele>
      </trkpt>
      <trkpt lat="-44.64676849544048" lon="168.34545901045203">
        <ele>575.8</ele>
      </trkpt>
      <trkpt lat="-44.64676924981177" lon="168.3454602677375">
        <ele>576</ele>
      </trkpt>
      <trkpt lat="-44.64676095172763" lon="168.34547711536288">
        <ele>576.2</ele>
      </trkpt>
      <trkpt lat="-44.64675701223314" lon="168.34553126245737">
        <ele>576.8</ele>
      </trkpt>
      <trkpt lat="-44.64675726369023" lon="168.3455474395305">
        <ele>577.2</ele>
      </trkpt>
      <trkpt lat="-44.646764723584056" lon="168.34561499767005">
        <ele>577.8</ele>
      </trkpt>
      <trkpt lat="-44.64677033945918" lon="168.3456251397729">
        <ele>578.2</ele>
      </trkpt>
      <trkpt lat="-44.64677629061043" lon="168.3456346951425">
        <ele>579.2</ele>
      </trkpt>
      <trkpt lat="-44.64677654206753" lon="168.3456505369395">
        <ele>579.4</ele>
      </trkpt>
      <trkpt lat="-44.64678852818906" lon="168.34567978978157">
        <ele>580</ele>
      </trkpt>
      <trkpt lat="-44.646785259246826" lon="168.3456872496754">
        <ele>580</ele>
      </trkpt>
      <trkpt lat="-44.64681141078472" lon="168.34572572261095">
        <ele>580.4</ele>
      </trkpt>
      <trkpt lat="-44.64681711047888" lon="168.3457406423986">
        <ele>580.4</ele>
      </trkpt>
      <trkpt lat="-44.64682750403881" lon="168.3457781933248">
        <ele>580.4</ele>
      </trkpt>
      <trkpt lat="-44.646838484331965" lon="168.3458222821355">
        <ele>580.4</ele>
      </trkpt>
      <trkpt lat="-44.64685491286218" lon="168.34587718360126">
        <ele>579.8</ele>
      </trkpt>
      <trkpt lat="-44.64686404913664" lon="168.3459361921996">
        <ele>580.4</ele>
      </trkpt>
      <trkpt lat="-44.64688089676201" lon="168.3459840528667">
        <ele>580.2</ele>
      </trkpt>
      <trkpt lat="-44.646888859570026" lon="168.3460051752627">
        <ele>579.8</ele>
      </trkpt>
      <trkpt lat="-44.64688550680876" lon="168.34601079113781">
        <ele>579.8</ele>
      </trkpt>
      <trkpt lat="-44.64687762781978" lon="168.34604071453214">
        <ele>580.2</ele>
      </trkpt>
      <trkpt lat="-44.64688458479941" lon="168.3460754994303">
        <ele>580.6</ele>
      </trkpt>
      <trkpt lat="-44.646882992237806" lon="168.34608639590442">
        <ele>580.8</ele>
      </trkpt>
      <trkpt lat="-44.64688659645617" lon="168.3461270481348">
        <ele>581.4</ele>
      </trkpt>
      <trkpt lat="-44.64688567444682" lon="168.34614004008472">
        <ele>581.4</ele>
      </trkpt>
      <trkpt lat="-44.646894643083215" lon="168.3461534511298">
        <ele>581.6</ele>
      </trkpt>
      <trkpt lat="-44.64690419845283" lon="168.34616468288004">
        <ele>581.6</ele>
      </trkpt>
      <trkpt lat="-44.64690579101443" lon="168.34616208449006">
        <ele>581.6</ele>
      </trkpt>
      <trkpt lat="-44.64687737636268" lon="168.3461711369455">
        <ele>581.8</ele>
      </trkpt>
      <trkpt lat="-44.6468523144722" lon="168.34620969370008">
        <ele>582.6</ele>
      </trkpt>
      <trkpt lat="-44.64685281738639" lon="168.34622335620224">
        <ele>582.8</ele>
      </trkpt>
      <trkpt lat="-44.64684904552996" lon="168.34625931456685">
        <ele>583.2</ele>
      </trkpt>
      <trkpt lat="-44.646841920912266" lon="168.34629225544631">
        <ele>583.6</ele>
      </trkpt>
      <trkpt lat="-44.646838400512934" lon="168.34629544056952">
        <ele>583.8</ele>
      </trkpt>
      <trkpt lat="-44.64682364836335" lon="168.34633408114314">
        <ele>584.2</ele>
      </trkpt>
      <trkpt lat="-44.646818451583385" lon="168.3463445585221">
        <ele>584.4</ele>
      </trkpt>
      <trkpt lat="-44.64681384153664" lon="168.34639166481793">
        <ele>584.6</ele>
      </trkpt>
      <trkpt lat="-44.646809147670865" lon="168.34640633314848">
        <ele>584.8</ele>
      </trkpt>
      <trkpt lat="-44.64681199751794" lon="168.34642443805933">
        <ele>585.2</ele>
      </trkpt>
      <trkpt lat="-44.646801268681884" lon="168.34646525792778">
        <ele>586</ele>
      </trkpt>
      <trkpt lat="-44.64679238386452" lon="168.3464782498777">
        <ele>586.6</ele>
      </trkpt>
      <trkpt lat="-44.64677771553397" lon="168.3465070836246">
        <ele>587</ele>
      </trkpt>
      <trkpt lat="-44.64677218347788" lon="168.3465506695211">
        <ele>587.4</ele>
      </trkpt>
      <trkpt lat="-44.64676531031728" lon="168.34656517021358">
        <ele>587.6</ele>
      </trkpt>
      <trkpt lat="-44.64676262810826" lon="168.34659266285598">
        <ele>587.8</ele>
      </trkpt>
      <trkpt lat="-44.64676941744983" lon="168.34660297259688">
        <ele>588</ele>
      </trkpt>
      <trkpt lat="-44.646773943677545" lon="168.34661747328937">
        <ele>587.8</ele>
      </trkpt>
      <trkpt lat="-44.64677318930626" lon="168.34662434644997">
        <ele>587.6</ele>
      </trkpt>
      <trkpt lat="-44.64676883071661" lon="168.34663222543895">
        <ele>587.6</ele>
      </trkpt>
      <trkpt lat="-44.6467606164515" lon="168.3466648310423">
        <ele>588</ele>
      </trkpt>
      <trkpt lat="-44.646759275346994" lon="168.3467050641775">
        <ele>589.4</ele>
      </trkpt>
      <trkpt lat="-44.64677017182112" lon="168.34671738557518">
        <ele>589.4</ele>
      </trkpt>
      <trkpt lat="-44.646768160164356" lon="168.34674957208335">
        <ele>589.6</ele>
      </trkpt>
      <trkpt lat="-44.64676145464182" lon="168.34678611718118">
        <ele>590</ele>
      </trkpt>
      <trkpt lat="-44.64675776660442" lon="168.34679634310305">
        <ele>590.4</ele>
      </trkpt>
      <trkpt lat="-44.64674879796803" lon="168.34679734893143">
        <ele>590.8</ele>
      </trkpt>
      <trkpt lat="-44.64672038331628" lon="168.3468080777675">
        <ele>591</ele>
      </trkpt>
      <trkpt lat="-44.64672348462045" lon="168.34681713022292">
        <ele>590.8</ele>
      </trkpt>
      <trkpt lat="-44.646716779097915" lon="168.34682542830706">
        <ele>590.8</ele>
      </trkpt>
      <trkpt lat="-44.646716360002756" lon="168.34682852961123">
        <ele>590.8</ele>
      </trkpt>
      <trkpt lat="-44.64669548906386" lon="168.34689650684595">
        <ele>591.4</ele>
      </trkpt>
      <trkpt lat="-44.646693812683225" lon="168.346904553473">
        <ele>591.6</ele>
      </trkpt>
      <trkpt lat="-44.646707056090236" lon="168.34694939665496">
        <ele>592.2</ele>
      </trkpt>
      <trkpt lat="-44.6467122528702" lon="168.34696238860488">
        <ele>592.6</ele>
      </trkpt>
      <trkpt lat="-44.646709989756346" lon="168.34696976467967">
        <ele>592.6</ele>
      </trkpt>
      <trkpt lat="-44.64671149849892" lon="168.34699013270438">
        <ele>592.8</ele>
      </trkpt>
      <trkpt lat="-44.646701691672206" lon="168.34701863117516">
        <ele>593.4</ele>
      </trkpt>
      <trkpt lat="-44.646696746349335" lon="168.34701963700354">
        <ele>593.6</ele>
      </trkpt>
      <trkpt lat="-44.64669473469257" lon="168.34702659398317">
        <ele>593.8</ele>
      </trkpt>
      <trkpt lat="-44.64670764282346" lon="168.34707428701222">
        <ele>595</ele>
      </trkpt>
      <trkpt lat="-44.646692303940654" lon="168.3471046295017">
        <ele>595.4</ele>
      </trkpt>
      <trkpt lat="-44.64669406414032" lon="168.3471149392426">
        <ele>595.6</ele>
      </trkpt>
      <trkpt lat="-44.64666808024049" lon="168.34711460396647">
        <ele>596.2</ele>
      </trkpt>
      <trkpt lat="-44.64665265753865" lon="168.3471257518977">
        <ele>596.6</ele>
      </trkpt>
      <trkpt lat="-44.64664821512997" lon="168.34715785458684">
        <ele>597.2</ele>
      </trkpt>
      <trkpt lat="-44.64664720930159" lon="168.34716623649">
        <ele>597.4</ele>
      </trkpt>
      <trkpt lat="-44.646643940359354" lon="168.3471749536693">
        <ele>597.6</ele>
      </trkpt>
      <trkpt lat="-44.64663790538907" lon="168.3471773006022">
        <ele>597.6</ele>
      </trkpt>
      <trkpt lat="-44.64663530699909" lon="168.34717344492674">
        <ele>598</ele>
      </trkpt>
      <trkpt lat="-44.64663237333298" lon="168.34716942161322">
        <ele>598.2</ele>
      </trkpt>
      <trkpt lat="-44.64662843383849" lon="168.34717193618417">
        <ele>598.2</ele>
      </trkpt>
      <trkpt lat="-44.64662373997271" lon="168.34717034362257">
        <ele>598.2</ele>
      </trkpt>
      <trkpt lat="-44.64660814963281" lon="168.34720923565328">
        <ele>598.2</ele>
      </trkpt>
      <trkpt lat="-44.646605886518955" lon="168.34722440689802">
        <ele>598.4</ele>
      </trkpt>
      <trkpt lat="-44.646580908447504" lon="168.34726254455745">
        <ele>598.8</ele>
      </trkpt>
      <trkpt lat="-44.646579567343" lon="168.34727897308767">
        <ele>598.8</ele>
      </trkpt>
      <trkpt lat="-44.64657353237271" lon="168.34729682654142">
        <ele>599.2</ele>
      </trkpt>
      <trkpt lat="-44.64657043106854" lon="168.34730881266296">
        <ele>599.4</ele>
      </trkpt>
      <trkpt lat="-44.64656657539308" lon="168.34731409326196">
        <ele>599.6</ele>
      </trkpt>
      <trkpt lat="-44.64656749740243" lon="168.34732800722122">
        <ele>599.6</ele>
      </trkpt>
      <trkpt lat="-44.64656657539308" lon="168.34733806550503">
        <ele>599.6</ele>
      </trkpt>
      <trkpt lat="-44.64656590484083" lon="168.34734259173274">
        <ele>599.4</ele>
      </trkpt>
      <trkpt lat="-44.64656263589859" lon="168.34735156036913">
        <ele>599.2</ele>
      </trkpt>
      <trkpt lat="-44.646560959517956" lon="168.34736295975745">
        <ele>599.2</ele>
      </trkpt>
      <trkpt lat="-44.646563390269876" lon="168.34737058728933">
        <ele>599.4</ele>
      </trkpt>
      <trkpt lat="-44.646539418026805" lon="168.3474220521748">
        <ele>600.2</ele>
      </trkpt>
      <trkpt lat="-44.646534975618124" lon="168.34743387065828">
        <ele>600.4</ele>
      </trkpt>
      <trkpt lat="-44.64651770889759" lon="168.34746622480452">
        <ele>601</ele>
      </trkpt>
      <trkpt lat="-44.64651142247021" lon="168.3474883530289">
        <ele>601.4</ele>
      </trkpt>
      <trkpt lat="-44.64651804417372" lon="168.34750461392105">
        <ele>601.6</ele>
      </trkpt>
      <trkpt lat="-44.64652122929692" lon="168.34751182235777">
        <ele>601.8</ele>
      </trkpt>
      <trkpt lat="-44.64653053320944" lon="168.34753654897213">
        <ele>602.2</ele>
      </trkpt>
      <trkpt lat="-44.64653028175235" lon="168.34756244905293">
        <ele>602.6</ele>
      </trkpt>
      <trkpt lat="-44.64653757400811" lon="168.3475726749748">
        <ele>602.6</ele>
      </trkpt>
      <trkpt lat="-44.646540926769376" lon="168.34761056117713">
        <ele>603</ele>
      </trkpt>
      <trkpt lat="-44.64655031450093" lon="168.34763092920184">
        <ele>603.6</ele>
      </trkpt>
      <trkpt lat="-44.64655039831996" lon="168.34764593280852">
        <ele>604</ele>
      </trkpt>
      <trkpt lat="-44.64654989540577" lon="168.34766034968197">
        <ele>604.2</ele>
      </trkpt>
      <trkpt lat="-44.6465536672622" lon="168.34767024032772">
        <ele>604.4</ele>
      </trkpt>
      <trkpt lat="-44.64654419571161" lon="168.3477042708546">
        <ele>604.6</ele>
      </trkpt>
      <trkpt lat="-44.64654847048223" lon="168.3477299194783">
        <ele>605</ele>
      </trkpt>
      <trkpt lat="-44.64656020514667" lon="168.34774651564658">
        <ele>605.2</ele>
      </trkpt>
      <trkpt lat="-44.64658258482814" lon="168.34775808267295">
        <ele>605.6</ele>
      </trkpt>
      <trkpt lat="-44.64658325538039" lon="168.3477656263858">
        <ele>605.8</ele>
      </trkpt>
      <trkpt lat="-44.646580405533314" lon="168.34777627140284">
        <ele>606.2</ele>
      </trkpt>
      <trkpt lat="-44.64658400975168" lon="168.3477920293808">
        <ele>606.6</ele>
      </trkpt>
      <trkpt lat="-44.64658400975168" lon="168.34779747761786">
        <ele>606.6</ele>
      </trkpt>
      <trkpt lat="-44.64656657539308" lon="168.34781734272838">
        <ele>606.6</ele>
      </trkpt>
      <trkpt lat="-44.64655936695635" lon="168.34783284924924">
        <ele>607</ele>
      </trkpt>
      <trkpt lat="-44.646560959517956" lon="168.34783762693405">
        <ele>607.6</ele>
      </trkpt>
      <trkpt lat="-44.64656230062246" lon="168.34786193445325">
        <ele>608</ele>
      </trkpt>
      <trkpt lat="-44.646553164348006" lon="168.34786344319582">
        <ele>608</ele>
      </trkpt>
      <trkpt lat="-44.646553164348006" lon="168.34786344319582">
        <ele>594.7154934773713</ele>
      </trkpt>
      <trkpt lat="-44.64655886404216" lon="168.34788632579148">
        <ele>595.0115937930999</ele>
      </trkpt>
      <trkpt lat="-44.64655886404216" lon="168.34788632579148">
        <ele>601.6</ele>
      </trkpt>
      <trkpt lat="-44.646563725546" lon="168.34789160639048">
        <ele>601.2</ele>
      </trkpt>
      <trkpt lat="-44.64656079187989" lon="168.34789412096143">
        <ele>601</ele>
      </trkpt>
      <trkpt lat="-44.64655576273799" lon="168.34789655171335">
        <ele>601</ele>
      </trkpt>
      <trkpt lat="-44.64655148796737" lon="168.34790007211268">
        <ele>601</ele>
      </trkpt>
      <trkpt lat="-44.646549727767706" lon="168.34790401160717">
        <ele>601.4</ele>
      </trkpt>
      <trkpt lat="-44.64655123651028" lon="168.34789579734206">
        <ele>601.8</ele>
      </trkpt>
      <trkpt lat="-44.646511506289244" lon="168.3479109685868">
        <ele>602.6</ele>
      </trkpt>
      <trkpt lat="-44.646502705290914" lon="168.3479040954262">
        <ele>603</ele>
      </trkpt>
      <trkpt lat="-44.6464894618839" lon="168.3479006588459">
        <ele>603.6</ele>
      </trkpt>
      <trkpt lat="-44.646487198770046" lon="168.3479045983404">
        <ele>603.6</ele>
      </trkpt>
      <trkpt lat="-44.646479738876224" lon="168.3479048497975">
        <ele>603.8</ele>
      </trkpt>
      <trkpt lat="-44.64646448381245" lon="168.34791884757578">
        <ele>604.8</ele>
      </trkpt>
      <trkpt lat="-44.646431459113955" lon="168.34793603047729">
        <ele>605.8</ele>
      </trkpt>
      <trkpt lat="-44.64642056263983" lon="168.34794868715107">
        <ele>606.4</ele>
      </trkpt>
      <trkpt lat="-44.64638519100845" lon="168.34794835187495">
        <ele>606.8</ele>
      </trkpt>
      <trkpt lat="-44.64637991040945" lon="168.34795145317912">
        <ele>607</ele>
      </trkpt>
      <trkpt lat="-44.64636775664985" lon="168.34797140210867">
        <ele>607.6</ele>
      </trkpt>
      <trkpt lat="-44.646364487707615" lon="168.34797525778413">
        <ele>608.2</ele>
      </trkpt>
      <trkpt lat="-44.646359542384744" lon="168.34796452894807">
        <ele>609.4</ele>
      </trkpt>
      <trkpt lat="-44.64636188931763" lon="168.34796662442386">
        <ele>610</ele>
      </trkpt>
      <trkpt lat="-44.64636473916471" lon="168.34797986783087">
        <ele>610.4</ele>
      </trkpt>
      <trkpt lat="-44.64636784046888" lon="168.34802211262286">
        <ele>611.2</ele>
      </trkpt>
      <trkpt lat="-44.64635845273733" lon="168.34802387282252">
        <ele>611.2</ele>
      </trkpt>
      <trkpt lat="-44.64633330702782" lon="168.34803284145892">
        <ele>611.6</ele>
      </trkpt>
      <trkpt lat="-44.646322913467884" lon="168.34803116507828">
        <ele>611.8</ele>
      </trkpt>
      <trkpt lat="-44.64631821960211" lon="168.3480269741267">
        <ele>612.2</ele>
      </trkpt>
      <trkpt lat="-44.64631545357406" lon="168.34802496246994">
        <ele>612.6</ele>
      </trkpt>
      <trkpt lat="-44.6463065687567" lon="168.34804449230433">
        <ele>613.8</ele>
      </trkpt>
      <trkpt lat="-44.6463015396148" lon="168.34806460887194">
        <ele>614</ele>
      </trkpt>
      <trkpt lat="-44.64630614966154" lon="168.34812018088996">
        <ele>615</ele>
      </trkpt>
      <trkpt lat="-44.64630212634802" lon="168.3481514453888">
        <ele>616</ele>
      </trkpt>
      <trkpt lat="-44.64630405418575" lon="168.34816083312035">
        <ele>616.4</ele>
      </trkpt>
      <trkpt lat="-44.64631545357406" lon="168.34818203933537">
        <ele>616.6</ele>
      </trkpt>
      <trkpt lat="-44.64632316492498" lon="168.34819603711367">
        <ele>616.2</ele>
      </trkpt>
      <trkpt lat="-44.64631981216371" lon="168.34821003489196">
        <ele>616</ele>
      </trkpt>
      <trkpt lat="-44.64631972834468" lon="168.34821498021483">
        <ele>616.2</ele>
      </trkpt>
      <trkpt lat="-44.646291732788086" lon="168.34821313619614">
        <ele>615.8</ele>
      </trkpt>
      <trkpt lat="-44.64625418186188" lon="168.34827918559313">
        <ele>615.4</ele>
      </trkpt>
      <trkpt lat="-44.64623247273266" lon="168.34829117171466">
        <ele>615.6</ele>
      </trkpt>
      <trkpt lat="-44.646196430549026" lon="168.34831589832902">
        <ele>616.4</ele>
      </trkpt>
      <trkpt lat="-44.64618637226522" lon="168.3483340870589">
        <ele>617.2</ele>
      </trkpt>
      <trkpt lat="-44.64618670754135" lon="168.34834272041917">
        <ele>618.6</ele>
      </trkpt>
      <trkpt lat="-44.64618352241814" lon="168.34834791719913">
        <ele>619.4</ele>
      </trkpt>
      <trkpt lat="-44.64618016965687" lon="168.3483663573861">
        <ele>619.6</ele>
      </trkpt>
      <trkpt lat="-44.64618159458041" lon="168.34840893745422">
        <ele>620.4</ele>
      </trkpt>
      <trkpt lat="-44.64618301950395" lon="168.34841304458678">
        <ele>620.6</ele>
      </trkpt>
      <trkpt lat="-44.646179331466556" lon="168.34841773845255">
        <ele>620.8</ele>
      </trkpt>
      <trkpt lat="-44.646165585145354" lon="168.34842729382217">
        <ele>621.2</ele>
      </trkpt>
      <trkpt lat="-44.64616063982248" lon="168.34843944758177">
        <ele>621.6</ele>
      </trkpt>
      <trkpt lat="-44.64615452103317" lon="168.34845637902617">
        <ele>621.8</ele>
      </trkpt>
      <trkpt lat="-44.64613851159811" lon="168.34847515448928">
        <ele>622.4</ele>
      </trkpt>
      <trkpt lat="-44.64612040668726" lon="168.3484873920679">
        <ele>622.6</ele>
      </trkpt>
      <trkpt lat="-44.646109007298946" lon="168.34850172512233">
        <ele>623</ele>
      </trkpt>
      <trkpt lat="-44.64609165675938" lon="168.34851480089128">
        <ele>623.8</ele>
      </trkpt>
      <trkpt lat="-44.646091824397445" lon="168.34852678701282">
        <ele>624.2</ele>
      </trkpt>
      <trkpt lat="-44.64608930982649" lon="168.34853198379278">
        <ele>624.8</ele>
      </trkpt>
      <trkpt lat="-44.64609308168292" lon="168.34853382781148">
        <ele>625.2</ele>
      </trkpt>
      <trkpt lat="-44.64609450660646" lon="168.3485341630876">
        <ele>625.6</ele>
      </trkpt>
      <trkpt lat="-44.646090650931" lon="168.34854053333402">
        <ele>625.8</ele>
      </trkpt>
      <trkpt lat="-44.646104481071234" lon="168.3485547825694">
        <ele>626.8</ele>
      </trkpt>
      <trkpt lat="-44.64610867202282" lon="168.348553692922">
        <ele>628</ele>
      </trkpt>
      <trkpt lat="-44.64610816910863" lon="168.34856173954904">
        <ele>628.2</ele>
      </trkpt>
      <trkpt lat="-44.64610490016639" lon="168.3485830295831">
        <ele>628.6</ele>
      </trkpt>
      <trkpt lat="-44.64610137976706" lon="168.3485954347998">
        <ele>629.2</ele>
      </trkpt>
      <trkpt lat="-44.64610003866255" lon="168.34859903901815">
        <ele>629.4</ele>
      </trkpt>
      <trkpt lat="-44.646112360060215" lon="168.3486004639417">
        <ele>630.4</ele>
      </trkpt>
      <trkpt lat="-44.64611068367958" lon="168.34859292022884">
        <ele>631</ele>
      </trkpt>
      <trkpt lat="-44.64609442278743" lon="168.3486522641033">
        <ele>631.2</ele>
      </trkpt>
      <trkpt lat="-44.64608428068459" lon="168.34867162629962">
        <ele>632.2</ele>
      </trkpt>
      <trkpt lat="-44.64609207585454" lon="168.34867254830897">
        <ele>632.6</ele>
      </trkpt>
      <trkpt lat="-44.646093333140016" lon="168.34869258105755">
        <ele>633.6</ele>
      </trkpt>
      <trkpt lat="-44.64608184993267" lon="168.34869610145688">
        <ele>634</ele>
      </trkpt>
      <trkpt lat="-44.64611596427858" lon="168.34870121441782">
        <ele>634.4</ele>
      </trkpt>
      <trkpt lat="-44.64613297954202" lon="168.3486980292946">
        <ele>634.6</ele>
      </trkpt>
      <trkpt lat="-44.64614739641547" lon="168.34870817139745">
        <ele>635</ele>
      </trkpt>
      <trkpt lat="-44.64615502394736" lon="168.34872669540346">
        <ele>635.6</ele>
      </trkpt>
      <trkpt lat="-44.64615426957607" lon="168.34874890744686">
        <ele>636.2</ele>
      </trkpt>
      <trkpt lat="-44.64615209028125" lon="168.3487606421113">
        <ele>636.6</ele>
      </trkpt>
      <trkpt lat="-44.64612593874335" lon="168.34877455607057">
        <ele>636.8</ele>
      </trkpt>
      <trkpt lat="-44.6461165510118" lon="168.3488039765507">
        <ele>636.6</ele>
      </trkpt>
      <trkpt lat="-44.64611504226923" lon="168.3488248474896">
        <ele>636.6</ele>
      </trkpt>
      <trkpt lat="-44.64610070921481" lon="168.3488502446562">
        <ele>637.2</ele>
      </trkpt>
      <trkpt lat="-44.64607581496239" lon="168.34889458492398">
        <ele>638</ele>
      </trkpt>
      <trkpt lat="-44.64607019908726" lon="168.34890137426555">
        <ele>638.2</ele>
      </trkpt>
      <trkpt lat="-44.646063996478915" lon="168.348907828331">
        <ele>638.4</ele>
      </trkpt>
      <trkpt lat="-44.646043963730335" lon="168.34893196821213">
        <ele>639</ele>
      </trkpt>
      <trkpt lat="-44.64602996595204" lon="168.34893917664886">
        <ele>639.6</ele>
      </trkpt>
      <trkpt lat="-44.64601621963084" lon="168.34894663654268">
        <ele>640</ele>
      </trkpt>
      <trkpt lat="-44.645976992323995" lon="168.34897136315703">
        <ele>640.8</ele>
      </trkpt>
      <trkpt lat="-44.64597221463919" lon="168.34897982887924">
        <ele>641</ele>
      </trkpt>
      <trkpt lat="-44.645961150527" lon="168.34900002926588">
        <ele>641.8</ele>
      </trkpt>
      <trkpt lat="-44.64594949968159" lon="168.34903850220144">
        <ele>642.2</ele>
      </trkpt>
      <trkpt lat="-44.64595100842416" lon="168.34904914721847">
        <ele>643</ele>
      </trkpt>
      <trkpt lat="-44.64594170451164" lon="168.34905459545553">
        <ele>643.2</ele>
      </trkpt>
      <trkpt lat="-44.64592795819044" lon="168.34906264208257">
        <ele>643.6</ele>
      </trkpt>
      <trkpt lat="-44.6459265332669" lon="168.34911779500544">
        <ele>643</ele>
      </trkpt>
      <trkpt lat="-44.64590993709862" lon="168.34915509447455">
        <ele>642.4</ele>
      </trkpt>
      <trkpt lat="-44.64591521769762" lon="168.34918384440243">
        <ele>642.8</ele>
      </trkpt>
      <trkpt lat="-44.645916977897286" lon="168.34920111112297">
        <ele>643.2</ele>
      </trkpt>
      <trkpt lat="-44.64591731317341" lon="168.34923111833632">
        <ele>644</ele>
      </trkpt>
      <trkpt lat="-44.64590339921415" lon="168.34922466427088">
        <ele>645</ele>
      </trkpt>
      <trkpt lat="-44.64590826071799" lon="168.3492316212505">
        <ele>645.6</ele>
      </trkpt>
      <trkpt lat="-44.645901806652546" lon="168.34924327209592">
        <ele>646.2</ele>
      </trkpt>
      <trkpt lat="-44.645907673984766" lon="168.34925676696002">
        <ele>646.8</ele>
      </trkpt>
      <trkpt lat="-44.6459024772048" lon="168.3492809906602">
        <ele>647.4</ele>
      </trkpt>
      <trkpt lat="-44.645907087251544" lon="168.3492997661233">
        <ele>648.6</ele>
      </trkpt>
      <trkpt lat="-44.64589753188193" lon="168.34932826459408">
        <ele>649.6</ele>
      </trkpt>
      <trkpt lat="-44.64590499177575" lon="168.34933086298406">
        <ele>650</ele>
      </trkpt>
      <trkpt lat="-44.645903650671244" lon="168.34933798760176">
        <ele>650.4</ele>
      </trkpt>
      <trkpt lat="-44.64589568786323" lon="168.34934771060944">
        <ele>650.6</ele>
      </trkpt>
      <trkpt lat="-44.645884204655886" lon="168.34937226958573">
        <ele>652</ele>
      </trkpt>
      <trkpt lat="-44.64589526876807" lon="168.34940847940743">
        <ele>653.2</ele>
      </trkpt>
      <trkpt lat="-44.6458921674639" lon="168.34941468201578">
        <ele>653.4</ele>
      </trkpt>
      <trkpt lat="-44.6458884794265" lon="168.34942817687988">
        <ele>654.2</ele>
      </trkpt>
      <trkpt lat="-44.64589258655906" lon="168.3494255784899">
        <ele>654.8</ele>
      </trkpt>
      <trkpt lat="-44.64589208364487" lon="168.34941987879574">
        <ele>655.2</ele>
      </trkpt>
      <trkpt lat="-44.64587163180113" lon="168.34944158792496">
        <ele>656.4</ele>
      </trkpt>
      <trkpt lat="-44.64585495181382" lon="168.34944653324783">
        <ele>656.8</ele>
      </trkpt>
      <trkpt lat="-44.645833410322666" lon="168.34944603033364">
        <ele>657.6</ele>
      </trkpt>
      <trkpt lat="-44.64582930319011" lon="168.34946220740676">
        <ele>658</ele>
      </trkpt>
      <trkpt lat="-44.645820669829845" lon="168.34946949966252">
        <ele>658.6</ele>
      </trkpt>
      <trkpt lat="-44.64583642780781" lon="168.3494762890041">
        <ele>658.8</ele>
      </trkpt>
      <trkpt lat="-44.645820669829845" lon="168.34949363954365">
        <ele>659</ele>
      </trkpt>
      <trkpt lat="-44.64583399705589" lon="168.34952674806118">
        <ele>659.6</ele>
      </trkpt>
      <trkpt lat="-44.64583156630397" lon="168.34953538142145">
        <ele>659.8</ele>
      </trkpt>
      <trkpt lat="-44.64582226239145" lon="168.34960101172328">
        <ele>659.6</ele>
      </trkpt>
      <trkpt lat="-44.64581882581115" lon="168.3496238104999">
        <ele>659.6</ele>
      </trkpt>
      <trkpt lat="-44.64581731706858" lon="168.3496499620378">
        <ele>659.6</ele>
      </trkpt>
      <trkpt lat="-44.645817233249545" lon="168.34968902170658">
        <ele>660.8</ele>
      </trkpt>
      <trkpt lat="-44.6458266209811" lon="168.34975423291326">
        <ele>661.8</ele>
      </trkpt>
      <trkpt lat="-44.64582779444754" lon="168.34976010024548">
        <ele>661.8</ele>
      </trkpt>
      <trkpt lat="-44.64583173394203" lon="168.34976957179606">
        <ele>662</ele>
      </trkpt>
      <trkpt lat="-44.64583416469395" lon="168.34977795369923">
        <ele>662.4</ele>
      </trkpt>
      <trkpt lat="-44.645837768912315" lon="168.34978189319372">
        <ele>663</ele>
      </trkpt>
      <trkpt lat="-44.645833410322666" lon="168.34978943690658">
        <ele>663.4</ele>
      </trkpt>
      <trkpt lat="-44.645846486091614" lon="168.34981843829155">
        <ele>664.4</ele>
      </trkpt>
      <trkpt lat="-44.645843133330345" lon="168.3498423267156">
        <ele>664.6</ele>
      </trkpt>
      <trkpt lat="-44.64585696347058" lon="168.34986688569188">
        <ele>665.6</ele>
      </trkpt>
      <trkpt lat="-44.64585713110864" lon="168.34989077411592">
        <ele>665.8</ele>
      </trkpt>
      <trkpt lat="-44.645852437242866" lon="168.34990175440907">
        <ele>666.2</ele>
      </trkpt>
      <trkpt lat="-44.645849000662565" lon="168.34991122595966">
        <ele>666.6</ele>
      </trkpt>
      <trkpt lat="-44.64584103785455" lon="168.3499499503523">
        <ele>668</ele>
      </trkpt>
      <trkpt lat="-44.64584229514003" lon="168.3499520458281">
        <ele>668.4</ele>
      </trkpt>
      <trkpt lat="-44.645849503576756" lon="168.34995824843645">
        <ele>668.6</ele>
      </trkpt>
      <trkpt lat="-44.64584958739579" lon="168.34996822290123">
        <ele>669</ele>
      </trkpt>
      <trkpt lat="-44.64584916830063" lon="168.34997903555632">
        <ele>669.2</ele>
      </trkpt>
      <trkpt lat="-44.64584296569228" lon="168.3499766048044">
        <ele>669.8</ele>
      </trkpt>
      <trkpt lat="-44.645831901580095" lon="168.34998775273561">
        <ele>670</ele>
      </trkpt>
      <trkpt lat="-44.645841205492616" lon="168.35000049322844">
        <ele>669.4</ele>
      </trkpt>
      <trkpt lat="-44.64583399705589" lon="168.35002957843244">
        <ele>670</ele>
      </trkpt>
      <trkpt lat="-44.64583701454103" lon="168.3500466775149">
        <ele>670.8</ele>
      </trkpt>
      <trkpt lat="-44.645839193835855" lon="168.35005489178002">
        <ele>671.2</ele>
      </trkpt>
      <trkpt lat="-44.645815808326006" lon="168.35008783265948">
        <ele>672.2</ele>
      </trkpt>
      <trkpt lat="-44.64581002481282" lon="168.3501127269119">
        <ele>673.2</ele>
      </trkpt>
      <trkpt lat="-44.64581698179245" lon="168.35012571886182">
        <ele>673.6</ele>
      </trkpt>
      <trkpt lat="-44.64581245556474" lon="168.35013099946082">
        <ele>673.8</ele>
      </trkpt>
      <trkpt lat="-44.64581681415439" lon="168.3501418121159">
        <ele>674.2</ele>
      </trkpt>
      <trkpt lat="-44.645810443907976" lon="168.35015011020005">
        <ele>674.2</ele>
      </trkpt>
      <trkpt lat="-44.6457901597023" lon="168.35018271580338">
        <ele>674.4</ele>
      </trkpt>
      <trkpt lat="-44.64578865095973" lon="168.3501785248518">
        <ele>674.2</ele>
      </trkpt>
      <trkpt lat="-44.64579560793936" lon="168.35018598474562">
        <ele>674.2</ele>
      </trkpt>
      <trkpt lat="-44.64581111446023" lon="168.35021188482642">
        <ele>674.8</ele>
      </trkpt>
      <trkpt lat="-44.64580533094704" lon="168.3502263855189">
        <ele>675.4</ele>
      </trkpt>
      <trkpt lat="-44.64580533094704" lon="168.3502263855189">
        <ele>667.9726863395899</ele>
      </trkpt>
      <trkpt lat="-44.64580524712801" lon="168.35035731084645">
        <ele>673.7871836881101</ele>
      </trkpt>
      <trkpt lat="-44.64580524712801" lon="168.35035731084645">
        <ele>665.8</ele>
      </trkpt>
      <trkpt lat="-44.64580524712801" lon="168.35035731084645">
        <ele>673.7871836881101</ele>
      </trkpt>
      <trkpt lat="-44.64584598317742" lon="168.35039008408785">
        <ele>675.3991588217211</ele>
      </trkpt>
      <trkpt lat="-44.64584598317742" lon="168.35039008408785">
        <ele>671.2</ele>
      </trkpt>
      <trkpt lat="-44.64584598317742" lon="168.35039008408785">
        <ele>675.3991588217211</ele>
      </trkpt>
      <trkpt lat="-44.64593047276139" lon="168.35041430778801">
        <ele>676.900733570613</ele>
      </trkpt>
      <trkpt lat="-44.64593047276139" lon="168.35041430778801">
        <ele>685.2</ele>
      </trkpt>
      <trkpt lat="-44.64593667536974" lon="168.35043920204043">
        <ele>686.4</ele>
      </trkpt>
      <trkpt lat="-44.64593483135104" lon="168.35044515319169">
        <ele>687</ele>
      </trkpt>
      <trkpt lat="-44.645928209647536" lon="168.35046585649252">
        <ele>688.2</ele>
      </trkpt>
      <trkpt lat="-44.64592435397208" lon="168.35046568885446">
        <ele>688.6</ele>
      </trkpt>
      <trkpt lat="-44.64590993709862" lon="168.35048320703208">
        <ele>689.4</ele>
      </trkpt>
      <trkpt lat="-44.645904237404466" lon="168.3504930138588">
        <ele>689.6</ele>
      </trkpt>
      <trkpt lat="-44.64590331539512" lon="168.35049678571522">
        <ele>689.8</ele>
      </trkpt>
      <trkpt lat="-44.64591471478343" lon="168.35053886286914">
        <ele>690.6</ele>
      </trkpt>
      <trkpt lat="-44.645921336486936" lon="168.3505503460765">
        <ele>691</ele>
      </trkpt>
      <trkpt lat="-44.645921336486936" lon="168.3505503460765">
        <ele>682.5556800758477</ele>
      </trkpt>
      <trkpt lat="-44.64584145694971" lon="168.35067833773792">
        <ele>687.2963988823825</ele>
      </trkpt>
      <trkpt lat="-44.64584145694971" lon="168.35067833773792">
        <ele>701</ele>
      </trkpt>
      <trkpt lat="-44.64584145694971" lon="168.35067833773792">
        <ele>687.2963988823825</ele>
      </trkpt>
      <trkpt lat="-44.64575611132895" lon="168.35084723649013">
        <ele>694.3145031871486</ele>
      </trkpt>
      <trkpt lat="-44.6457177400589" lon="168.35092317312956">
        <ele>697.469835165132</ele>
      </trkpt>
      <trkpt lat="-44.6457177400589" lon="168.35092317312956">
        <ele>713</ele>
      </trkpt>
      <trkpt lat="-44.64569913223386" lon="168.35093742236495">
        <ele>712.8</ele>
      </trkpt>
      <trkpt lat="-44.64568857103586" lon="168.35094119422138">
        <ele>713</ele>
      </trkpt>
      <trkpt lat="-44.64568546973169" lon="168.35094672627747">
        <ele>713</ele>
      </trkpt>
      <trkpt lat="-44.645673567429185" lon="168.35095460526645">
        <ele>713</ele>
      </trkpt>
      <trkpt lat="-44.645643308758736" lon="168.35098913870752">
        <ele>713.6</ele>
      </trkpt>
      <trkpt lat="-44.64563232846558" lon="168.3510015439242">
        <ele>714.2</ele>
      </trkpt>
      <trkpt lat="-44.64562067762017" lon="168.3510144520551">
        <ele>714.6</ele>
      </trkpt>
      <trkpt lat="-44.6456072665751" lon="168.35101797245443">
        <ele>715.4</ele>
      </trkpt>
      <trkpt lat="-44.64560248889029" lon="168.35103255696595">
        <ele>715.8</ele>
      </trkpt>
      <trkpt lat="-44.64557868428528" lon="168.3510416932404">
        <ele>716</ele>
      </trkpt>
      <trkpt lat="-44.645542642101645" lon="168.351045884192">
        <ele>716.8</ele>
      </trkpt>
      <trkpt lat="-44.64553543366492" lon="168.35105141624808">
        <ele>717</ele>
      </trkpt>
      <trkpt lat="-44.645505929365754" lon="168.35102895274758">
        <ele>717.2</ele>
      </trkpt>
      <trkpt lat="-44.645483968779445" lon="168.35104764439166">
        <ele>717.6</ele>
      </trkpt>
      <trkpt lat="-44.64548338204622" lon="168.3510543499142">
        <ele>717.6</ele>
      </trkpt>
      <trkpt lat="-44.64546955190599" lon="168.35106792859733">
        <ele>717.8</ele>
      </trkpt>
      <trkpt lat="-44.64546452276409" lon="168.3510665036738">
        <ele>718</ele>
      </trkpt>
      <trkpt lat="-44.645471731200814" lon="168.35105267353356">
        <ele>718.4</ele>
      </trkpt>
      <trkpt lat="-44.64544666931033" lon="168.35104973986745">
        <ele>718.6</ele>
      </trkpt>
      <trkpt lat="-44.64544088579714" lon="168.35105770267546">
        <ele>718.8</ele>
      </trkpt>
      <trkpt lat="-44.64541641063988" lon="168.35107320919633">
        <ele>718.4</ele>
      </trkpt>
      <trkpt lat="-44.6454101242125" lon="168.35108058527112">
        <ele>718.2</ele>
      </trkpt>
      <trkpt lat="-44.64540417306125" lon="168.35109340958297">
        <ele>718.4</ele>
      </trkpt>
      <trkpt lat="-44.64539428241551" lon="168.35109910927713">
        <ele>718.6</ele>
      </trkpt>
      <trkpt lat="-44.645396042615175" lon="168.35109231993556">
        <ele>720.2</ele>
      </trkpt>
      <trkpt lat="-44.645403418689966" lon="168.35111109539866">
        <ele>721</ele>
      </trkpt>
      <trkpt lat="-44.64540417306125" lon="168.35112115368247">
        <ele>721.2</ele>
      </trkpt>
      <trkpt lat="-44.64540794491768" lon="168.35114336572587">
        <ele>722.6</ele>
      </trkpt>
      <trkpt lat="-44.64540492743254" lon="168.3511669188738">
        <ele>723.4</ele>
      </trkpt>
      <trkpt lat="-44.645405849441886" lon="168.35118100047112">
        <ele>723.8</ele>
      </trkpt>
      <trkpt lat="-44.64540216140449" lon="168.35118745453656">
        <ele>724.8</ele>
      </trkpt>
      <trkpt lat="-44.64540895074606" lon="168.3511893823743">
        <ele>725</ele>
      </trkpt>
      <trkpt lat="-44.64540861546993" lon="168.35118141956627">
        <ele>726.2</ele>
      </trkpt>
      <trkpt lat="-44.64540358632803" lon="168.35118418559432">
        <ele>726.6</ele>
      </trkpt>
      <trkpt lat="-44.645398473367095" lon="168.3511867839843">
        <ele>727</ele>
      </trkpt>
      <trkpt lat="-44.645399982109666" lon="168.35119642317295">
        <ele>727.2</ele>
      </trkpt>
      <trkpt lat="-44.64539302513003" lon="168.3512317109853">
        <ele>728</ele>
      </trkpt>
      <trkpt lat="-44.64538170956075" lon="168.35124637931585">
        <ele>728.2</ele>
      </trkpt>
      <trkpt lat="-44.64537148363888" lon="168.35128250531852">
        <ele>729</ele>
      </trkpt>
      <trkpt lat="-44.64536678977311" lon="168.35131502710283">
        <ele>729.6</ele>
      </trkpt>
      <trkpt lat="-44.645352121442556" lon="168.35132986307144">
        <ele>730.6</ele>
      </trkpt>
      <trkpt lat="-44.64534776285291" lon="168.3513342216611">
        <ele>730.8</ele>
      </trkpt>
      <trkpt lat="-44.6453514508903" lon="168.35132944397628">
        <ele>731.6</ele>
      </trkpt>
      <trkpt lat="-44.645347595214844" lon="168.35134872235358">
        <ele>732.2</ele>
      </trkpt>
      <trkpt lat="-44.64535086415708" lon="168.35135333240032">
        <ele>732.4</ele>
      </trkpt>
      <trkpt lat="-44.64535128325224" lon="168.35135685279965">
        <ele>733.2</ele>
      </trkpt>
      <trkpt lat="-44.64535287581384" lon="168.3513770531863">
        <ele>734</ele>
      </trkpt>
      <trkpt lat="-44.64536075480282" lon="168.3513855189085">
        <ele>734.4</ele>
      </trkpt>
      <trkpt lat="-44.645364778116345" lon="168.35141569375992">
        <ele>735.2</ele>
      </trkpt>
      <trkpt lat="-44.64535631239414" lon="168.3514125086367">
        <ele>735.6</ele>
      </trkpt>
      <trkpt lat="-44.64533703401685" lon="168.35140496492386">
        <ele>736.4</ele>
      </trkpt>
      <trkpt lat="-44.64529789052904" lon="168.35142876952887">
        <ele>737</ele>
      </trkpt>
      <trkpt lat="-44.6453099604696" lon="168.3514322899282">
        <ele>737.2</ele>
      </trkpt>
      <trkpt lat="-44.64532529935241" lon="168.35141150280833">
        <ele>737.4</ele>
      </trkpt>
      <trkpt lat="-44.64530593715608" lon="168.35145944729447">
        <ele>738.2</ele>
      </trkpt>
      <trkpt lat="-44.64530484750867" lon="168.3514637220651">
        <ele>738.4</ele>
      </trkpt>
      <trkpt lat="-44.64529034681618" lon="168.3514840900898">
        <ele>739.2</ele>
      </trkpt>
      <trkpt lat="-44.64528867043555" lon="168.35149263963103">
        <ele>739.6</ele>
      </trkpt>
      <trkpt lat="-44.64529428631067" lon="168.3515068050474">
        <ele>739.8</ele>
      </trkpt>
      <trkpt lat="-44.6452893409878" lon="168.35151644423604">
        <ele>740.8</ele>
      </trkpt>
      <trkpt lat="-44.645268553867936" lon="168.35151116363704">
        <ele>741</ele>
      </trkpt>
      <trkpt lat="-44.64524776674807" lon="168.35150638595223">
        <ele>740.8</ele>
      </trkpt>
      <trkpt lat="-44.64524818584323" lon="168.35150898434222">
        <ele>741</ele>
      </trkpt>
      <trkpt lat="-44.64525757357478" lon="168.35153790190816">
        <ele>741.8</ele>
      </trkpt>
      <trkpt lat="-44.645254304632545" lon="168.35154930129647">
        <ele>742.2</ele>
      </trkpt>
      <trkpt lat="-44.64525346644223" lon="168.35155718028545">
        <ele>742.8</ele>
      </trkpt>
      <trkpt lat="-44.6452703140676" lon="168.35158626548946">
        <ele>743.8</ele>
      </trkpt>
      <trkpt lat="-44.64527123607695" lon="168.35159121081233">
        <ele>743.8</ele>
      </trkpt>
      <trkpt lat="-44.64527852833271" lon="168.35162012837827">
        <ele>744</ele>
      </trkpt>
      <trkpt lat="-44.645276768133044" lon="168.3516720123589">
        <ele>745</ele>
      </trkpt>
      <trkpt lat="-44.64527081698179" lon="168.3516860101372">
        <ele>745</ele>
      </trkpt>
      <trkpt lat="-44.64526972733438" lon="168.35168777033687">
        <ele>745</ele>
      </trkpt>
      <trkpt lat="-44.64526763185859" lon="168.35166958160698">
        <ele>745</ele>
      </trkpt>
      <trkpt lat="-44.645244078710675" lon="168.35164812393486">
        <ele>745.2</ele>
      </trkpt>
      <trkpt lat="-44.645230332389474" lon="168.35164435207844">
        <ele>746</ele>
      </trkpt>
      <trkpt lat="-44.64521759189665" lon="168.35163504816592">
        <ele>746.4</ele>
      </trkpt>
      <trkpt lat="-44.64521197602153" lon="168.3516358025372">
        <ele>746.8</ele>
      </trkpt>
      <trkpt lat="-44.64521147310734" lon="168.35163932293653">
        <ele>747</ele>
      </trkpt>
      <trkpt lat="-44.64520602487028" lon="168.35164946503937">
        <ele>747.2</ele>
      </trkpt>
      <trkpt lat="-44.64519529603422" lon="168.35167469456792">
        <ele>748</ele>
      </trkpt>
      <trkpt lat="-44.64519060216844" lon="168.35167737677693">
        <ele>748.2</ele>
      </trkpt>
      <trkpt lat="-44.645208874717355" lon="168.35168299265206">
        <ele>749</ele>
      </trkpt>
      <trkpt lat="-44.645204432308674" lon="168.3516979124397">
        <ele>749.6</ele>
      </trkpt>
      <trkpt lat="-44.645204013213515" lon="168.35170654579997">
        <ele>750.8</ele>
      </trkpt>
      <trkpt lat="-44.64520183391869" lon="168.35170939564705">
        <ele>751</ele>
      </trkpt>
      <trkpt lat="-44.64519940316677" lon="168.35172045975924">
        <ele>751.8</ele>
      </trkpt>
      <trkpt lat="-44.64518951252103" lon="168.3517306856811">
        <ele>752.2</ele>
      </trkpt>
      <trkpt lat="-44.64516478590667" lon="168.35173261351883">
        <ele>752.8</ele>
      </trkpt>
      <trkpt lat="-44.64515145868063" lon="168.35173370316625">
        <ele>753</ele>
      </trkpt>
      <trkpt lat="-44.64513326995075" lon="168.35174066014588">
        <ele>752.6</ele>
      </trkpt>
      <trkpt lat="-44.64512689970434" lon="168.35175960324705">
        <ele>753</ele>
      </trkpt>
      <trkpt lat="-44.645131677389145" lon="168.35177100263536">
        <ele>753.8</ele>
      </trkpt>
      <trkpt lat="-44.64512027800083" lon="168.3517467789352">
        <ele>754.6</ele>
      </trkpt>
      <trkpt lat="-44.645152632147074" lon="168.35171568207443">
        <ele>754.2</ele>
      </trkpt>
      <trkpt lat="-44.64511273428798" lon="168.35172691382468">
        <ele>753.8</ele>
      </trkpt>
      <trkpt lat="-44.645093120634556" lon="168.3517591841519">
        <ele>754.6</ele>
      </trkpt>
      <trkpt lat="-44.6450908575207" lon="168.35176329128444">
        <ele>754.6</ele>
      </trkpt>
      <trkpt lat="-44.64511248283088" lon="168.35178055800498">
        <ele>756</ele>
      </trkpt>
      <trkpt lat="-44.64511424303055" lon="168.351785922423">
        <ele>756.2</ele>
      </trkpt>
      <trkpt lat="-44.64512354694307" lon="168.35179246030748">
        <ele>757.4</ele>
      </trkpt>
      <trkpt lat="-44.64512513950467" lon="168.35180981084704">
        <ele>758.8</ele>
      </trkpt>
      <trkpt lat="-44.6451201941818" lon="168.35181324742734">
        <ele>759</ele>
      </trkpt>
      <trkpt lat="-44.64511432684958" lon="168.35182682611048">
        <ele>759.6</ele>
      </trkpt>
      <trkpt lat="-44.64510946534574" lon="168.3518326934427">
        <ele>759.8</ele>
      </trkpt>
      <trkpt lat="-44.64508490636945" lon="168.35187426768243">
        <ele>760.4</ele>
      </trkpt>
      <trkpt lat="-44.645083816722035" lon="168.35188147611916">
        <ele>760.6</ele>
      </trkpt>
      <trkpt lat="-44.645085241645575" lon="168.3518905285746">
        <ele>761</ele>
      </trkpt>
      <trkpt lat="-44.645098904147744" lon="168.35192447528243">
        <ele>761.6</ele>
      </trkpt>
      <trkpt lat="-44.64509446173906" lon="168.35193830542266">
        <ele>762</ele>
      </trkpt>
      <trkpt lat="-44.645096976310015" lon="168.3519328571856">
        <ele>763</ele>
      </trkpt>
      <trkpt lat="-44.64508507400751" lon="168.35194149054587">
        <ele>763.2</ele>
      </trkpt>
      <trkpt lat="-44.645067220553756" lon="168.35194827988744">
        <ele>764</ele>
      </trkpt>
      <trkpt lat="-44.64506881311536" lon="168.3519513811916">
        <ele>764.4</ele>
      </trkpt>
      <trkpt lat="-44.645068142563105" lon="168.35197174921632">
        <ele>765.4</ele>
      </trkpt>
      <trkpt lat="-44.645066214725375" lon="168.35198750719428">
        <ele>766.2</ele>
      </trkpt>
      <trkpt lat="-44.64506286196411" lon="168.35199697874486">
        <ele>766.4</ele>
      </trkpt>
      <trkpt lat="-44.64507828466594" lon="168.35201709531248">
        <ele>767.8</ele>
      </trkpt>
      <trkpt lat="-44.64507912285626" lon="168.3520250581205">
        <ele>768.6</ele>
      </trkpt>
      <trkpt lat="-44.645079877227545" lon="168.35203050635755">
        <ele>768.8</ele>
      </trkpt>
      <trkpt lat="-44.64507275260985" lon="168.3520412351936">
        <ele>769.2</ele>
      </trkpt>
      <trkpt lat="-44.64507191441953" lon="168.35204978473485">
        <ele>769.4</ele>
      </trkpt>
      <trkpt lat="-44.645059844478965" lon="168.35205120965838">
        <ele>769.6</ele>
      </trkpt>
      <trkpt lat="-44.645062359049916" lon="168.35206084884703">
        <ele>769.6</ele>
      </trkpt>
      <trkpt lat="-44.645059928298" lon="168.35207970812917">
        <ele>770</ele>
      </trkpt>
      <trkpt lat="-44.64506437070668" lon="168.35209127515554">
        <ele>770.4</ele>
      </trkpt>
      <trkpt lat="-44.6450649574399" lon="168.35211482830346">
        <ele>771.4</ele>
      </trkpt>
      <trkpt lat="-44.64506780728698" lon="168.35214123129845">
        <ele>772.6</ele>
      </trkpt>
      <trkpt lat="-44.64505456387997" lon="168.35217668674886">
        <ele>773.6</ele>
      </trkpt>
      <trkpt lat="-44.645031010732055" lon="168.35218783468008">
        <ele>774.2</ele>
      </trkpt>
      <trkpt lat="-44.644988933578134" lon="168.35225480608642">
        <ele>774.4</ele>
      </trkpt>
      <trkpt lat="-44.64497552253306" lon="168.35226436145604">
        <ele>775</ele>
      </trkpt>
      <trkpt lat="-44.644969487562776" lon="168.35226360708475">
        <ele>775.8</ele>
      </trkpt>
      <trkpt lat="-44.644969990476966" lon="168.35226872004569">
        <ele>776</ele>
      </trkpt>
      <trkpt lat="-44.64496906846762" lon="168.35228213109076">
        <ele>776.8</ele>
      </trkpt>
      <trkpt lat="-44.644964793697" lon="168.35229855962098">
        <ele>777</ele>
      </trkpt>
      <trkpt lat="-44.64496303349733" lon="168.3523020800203">
        <ele>777</ele>
      </trkpt>
      <trkpt lat="-44.644962195307016" lon="168.35230216383934">
        <ele>777</ele>
      </trkpt>
      <trkpt lat="-44.64498097077012" lon="168.3523030858487">
        <ele>776.2</ele>
      </trkpt>
      <trkpt lat="-44.6449819765985" lon="168.35231197066605">
        <ele>776</ele>
      </trkpt>
      <trkpt lat="-44.6449819765985" lon="168.35231197066605">
        <ele>762.0811729067011</ele>
      </trkpt>
      <trkpt lat="-44.64501525275409" lon="168.35233896039426">
        <ele>763.5778492582033</ele>
      </trkpt>
      <trkpt lat="-44.64501525275409" lon="168.35233896039426">
        <ele>766.4</ele>
      </trkpt>
      <trkpt lat="-44.644993878901005" lon="168.35236209444702">
        <ele>766.2</ele>
      </trkpt>
      <trkpt lat="-44.64498097077012" lon="168.3523755054921">
        <ele>766.4</ele>
      </trkpt>
      <trkpt lat="-44.64498097077012" lon="168.3523755054921">
        <ele>764.4689856597228</ele>
      </trkpt>
      <trkpt lat="-44.64499027468264" lon="168.3524112123996">
        <ele>765.9789589169445</ele>
      </trkpt>
      <trkpt lat="-44.64499027468264" lon="168.3524112123996">
        <ele>765</ele>
      </trkpt>
      <trkpt lat="-44.64499027468264" lon="168.3524112123996">
        <ele>765.9789589169445</ele>
      </trkpt>
      <trkpt lat="-44.64492464438081" lon="168.3524547982961">
        <ele>766.5587172914306</ele>
      </trkpt>
      <trkpt lat="-44.64492464438081" lon="168.3524547982961">
        <ele>767.8</ele>
      </trkpt>
      <trkpt lat="-44.644930427893996" lon="168.35245991125703">
        <ele>769</ele>
      </trkpt>
      <trkpt lat="-44.644929338246584" lon="168.35249729454517">
        <ele>770.2</ele>
      </trkpt>
      <trkpt lat="-44.64494559913874" lon="168.35248581133783">
        <ele>771</ele>
      </trkpt>
      <trkpt lat="-44.644951885566115" lon="168.35249377414584">
        <ele>771.4</ele>
      </trkpt>
      <trkpt lat="-44.644957669079304" lon="168.35252311080694">
        <ele>772.4</ele>
      </trkpt>
      <trkpt lat="-44.644944090396166" lon="168.35252939723432">
        <ele>773</ele>
      </trkpt>
      <trkpt lat="-44.644937720149755" lon="168.35253308527172">
        <ele>773.4</ele>
      </trkpt>
      <trkpt lat="-44.644937720149755" lon="168.35253308527172">
        <ele>769.8141839431335</ele>
      </trkpt>
      <trkpt lat="-44.64494585059583" lon="168.35256946273148">
        <ele>771.3914142424817</ele>
      </trkpt>
      <trkpt lat="-44.64494585059583" lon="168.35256946273148">
        <ele>775.4</ele>
      </trkpt>
      <trkpt lat="-44.64493679814041" lon="168.35257776081562">
        <ele>775.6</ele>
      </trkpt>
      <trkpt lat="-44.64492523111403" lon="168.35261397063732">
        <ele>776.6</ele>
      </trkpt>
      <trkpt lat="-44.64494953863323" lon="168.35263174027205">
        <ele>778</ele>
      </trkpt>
      <trkpt lat="-44.64494911953807" lon="168.3526511862874">
        <ele>779.2</ele>
      </trkpt>
      <trkpt lat="-44.64493218809366" lon="168.3526665251702">
        <ele>780.4</ele>
      </trkpt>
      <trkpt lat="-44.644914753735065" lon="168.3526810258627">
        <ele>781</ele>
      </trkpt>
      <trkpt lat="-44.64489723555744" lon="168.35269368253648">
        <ele>781.4</ele>
      </trkpt>
      <trkpt lat="-44.64489061385393" lon="168.35272880271077">
        <ele>782.8</ele>
      </trkpt>
      <trkpt lat="-44.64488918893039" lon="168.35275168530643">
        <ele>783.8</ele>
      </trkpt>
      <trkpt lat="-44.6449111495167" lon="168.35273668169975">
        <ele>785.2</ele>
      </trkpt>
      <trkpt lat="-44.64491634629667" lon="168.35275746881962">
        <ele>786.2</ele>
      </trkpt>
      <trkpt lat="-44.644914586097" lon="168.35277264006436">
        <ele>786.2</ele>
      </trkpt>
      <trkpt lat="-44.64493109844625" lon="168.352806083858">
        <ele>787</ele>
      </trkpt>
      <trkpt lat="-44.6449336130172" lon="168.35283097811043">
        <ele>787.4</ele>
      </trkpt>
      <trkpt lat="-44.64493679814041" lon="168.35285034030676">
        <ele>787.6</ele>
      </trkpt>
      <trkpt lat="-44.644927410408854" lon="168.35286743938923">
        <ele>788.6</ele>
      </trkpt>
      <trkpt lat="-44.644920621067286" lon="168.35287774913013">
        <ele>788.8</ele>
      </trkpt>
      <trkpt lat="-44.6449301764369" lon="168.35289660841227">
        <ele>788.6</ele>
      </trkpt>
      <trkpt lat="-44.644907880574465" lon="168.35291664116085">
        <ele>789</ele>
      </trkpt>
      <trkpt lat="-44.644907880574465" lon="168.35291664116085">
        <ele>784.7200756632774</ele>
      </trkpt>
      <trkpt lat="-44.64488717727363" lon="168.3529852051288">
        <ele>787.1322962863378</ele>
      </trkpt>
      <trkpt lat="-44.64488717727363" lon="168.3529852051288">
        <ele>790.6</ele>
      </trkpt>
      <trkpt lat="-44.64488533325493" lon="168.3529904857278">
        <ele>790.8</ele>
      </trkpt>
      <trkpt lat="-44.64486521668732" lon="168.35301320068538">
        <ele>790.8</ele>
      </trkpt>
      <trkpt lat="-44.644850715994835" lon="168.35304899141192">
        <ele>790.8</ele>
      </trkpt>
      <trkpt lat="-44.644867815077305" lon="168.35305754095316">
        <ele>790.6</ele>
      </trkpt>
      <trkpt lat="-44.64485105127096" lon="168.35309593006968">
        <ele>791</ele>
      </trkpt>
      <trkpt lat="-44.64483629912138" lon="168.3531171362847">
        <ele>791.8</ele>
      </trkpt>
      <trkpt lat="-44.64481148868799" lon="168.3531456347555">
        <ele>792</ele>
      </trkpt>
      <trkpt lat="-44.64477804489434" lon="168.35315058007836">
        <ele>793</ele>
      </trkpt>
      <trkpt lat="-44.64477955363691" lon="168.35314504802227">
        <ele>793.4</ele>
      </trkpt>
      <trkpt lat="-44.64477955363691" lon="168.35314504802227">
        <ele>791.2931764911425</ele>
      </trkpt>
      <trkpt lat="-44.64475315064192" lon="168.3531921543181">
        <ele>792.550835051673</ele>
      </trkpt>
      <trkpt lat="-44.64475315064192" lon="168.3531921543181">
        <ele>797.2</ele>
      </trkpt>
      <trkpt lat="-44.644753905013204" lon="168.3532125223428">
        <ele>798</ele>
      </trkpt>
      <trkpt lat="-44.64475323446095" lon="168.3532191440463">
        <ele>798.2</ele>
      </trkpt>
      <trkpt lat="-44.64474787004292" lon="168.35323247127235">
        <ele>798.6</ele>
      </trkpt>
      <trkpt lat="-44.644754407927394" lon="168.35323825478554">
        <ele>799</ele>
      </trkpt>
      <trkpt lat="-44.64475021697581" lon="168.3532457984984">
        <ele>799</ele>
      </trkpt>
      <trkpt lat="-44.64471819810569" lon="168.35327002219856">
        <ele>799.4</ele>
      </trkpt>
      <trkpt lat="-44.644710905849934" lon="168.35326951928437">
        <ele>799.6</ele>
      </trkpt>
      <trkpt lat="-44.64469464495778" lon="168.35327815264463">
        <ele>800.2</ele>
      </trkpt>
      <trkpt lat="-44.64467846788466" lon="168.35327588953078">
        <ele>800.6</ele>
      </trkpt>
      <trkpt lat="-44.64466874487698" lon="168.353281756863">
        <ele>800.8</ele>
      </trkpt>
      <trkpt lat="-44.644649466499686" lon="168.35329324007034">
        <ele>801.8</ele>
      </trkpt>
      <trkpt lat="-44.64464334771037" lon="168.3533010352403">
        <ele>802.2</ele>
      </trkpt>
      <trkpt lat="-44.64463303796947" lon="168.35331712849438">
        <ele>802.6</ele>
      </trkpt>
      <trkpt lat="-44.64462415315211" lon="168.3533287793398">
        <ele>802.8</ele>
      </trkpt>
      <trkpt lat="-44.644634211435914" lon="168.3533718623221">
        <ele>803.6</ele>
      </trkpt>
      <trkpt lat="-44.64462507516146" lon="168.3533674199134">
        <ele>803.4</ele>
      </trkpt>
      <trkpt lat="-44.6446090657264" lon="168.35336373187602">
        <ele>803.6</ele>
      </trkpt>
      <trkpt lat="-44.644604455679655" lon="168.35336364805698">
        <ele>804</ele>
      </trkpt>
      <trkpt lat="-44.64458308182657" lon="168.35339658893645">
        <ele>805</ele>
      </trkpt>
      <trkpt lat="-44.64456665329635" lon="168.35341595113277">
        <ele>805.2</ele>
      </trkpt>
      <trkpt lat="-44.64455785229802" lon="168.35344076156616">
        <ele>805.6</ele>
      </trkpt>
      <trkpt lat="-44.64453882537782" lon="168.3534654043615">
        <ele>805.6</ele>
      </trkpt>
      <trkpt lat="-44.644522396847606" lon="168.35347554646432">
        <ele>806</ele>
      </trkpt>
      <trkpt lat="-44.644522313028574" lon="168.3534797374159">
        <ele>806.2</ele>
      </trkpt>
      <trkpt lat="-44.644512170925736" lon="168.3534860238433">
        <ele>806</ele>
      </trkpt>
      <trkpt lat="-44.64449473656714" lon="168.3535167016089">
        <ele>805.2</ele>
      </trkpt>
      <trkpt lat="-44.64447964914143" lon="168.35352558642626">
        <ele>805</ele>
      </trkpt>
      <trkpt lat="-44.64445257559419" lon="168.35353170521557">
        <ele>805</ele>
      </trkpt>
      <trkpt lat="-44.64442038908601" lon="168.35358736105263">
        <ele>805.2</ele>
      </trkpt>
      <trkpt lat="-44.644382083788514" lon="168.35363203659654">
        <ele>805</ele>
      </trkpt>
      <trkpt lat="-44.64436003938317" lon="168.35363337770104">
        <ele>805.4</ele>
      </trkpt>
      <trkpt lat="-44.64436473324895" lon="168.3536398317665">
        <ele>805.4</ele>
      </trkpt>
      <trkpt lat="-44.644357189536095" lon="168.3536395803094">
        <ele>805.4</ele>
      </trkpt>
      <trkpt lat="-44.644347466528416" lon="168.353654416278">
        <ele>805.4</ele>
      </trkpt>
      <trkpt lat="-44.64432374574244" lon="168.35364175960422">
        <ele>804.8</ele>
      </trkpt>
      <trkpt lat="-44.644298600032926" lon="168.3536436036229">
        <ele>805</ele>
      </trkpt>
      <trkpt lat="-44.6442826744169" lon="168.35367495194077">
        <ele>805.6</ele>
      </trkpt>
      <trkpt lat="-44.64427152648568" lon="168.35369573906064">
        <ele>806.2</ele>
      </trkpt>
      <trkpt lat="-44.64426398277283" lon="168.35369674488902">
        <ele>806.6</ele>
      </trkpt>
      <trkpt lat="-44.64425484649837" lon="168.35367268882692">
        <ele>807.6</ele>
      </trkpt>
      <trkpt lat="-44.64425107464194" lon="168.353672940284">
        <ele>808.8</ele>
      </trkpt>
      <trkpt lat="-44.64424068108201" lon="168.3536792267114">
        <ele>808.8</ele>
      </trkpt>
      <trkpt lat="-44.644218385219574" lon="168.35367453284562">
        <ele>808.4</ele>
      </trkpt>
      <trkpt lat="-44.6441962569952" lon="168.35367679595947">
        <ele>808.8</ele>
      </trkpt>
      <trkpt lat="-44.644138254225254" lon="168.3537096530199">
        <ele>809</ele>
      </trkpt>
      <trkpt lat="-44.644100703299046" lon="168.3537860121578">
        <ele>809.8</ele>
      </trkpt>
      <trkpt lat="-44.644094333052635" lon="168.35379246622324">
        <ele>810</ele>
      </trkpt>
      <trkpt lat="-44.64409030973911" lon="168.35381618700922">
        <ele>810.6</ele>
      </trkpt>
      <trkpt lat="-44.64408678933978" lon="168.35381794720888">
        <ele>810.6</ele>
      </trkpt>
      <trkpt lat="-44.644064577296376" lon="168.35384912788868">
        <ele>809.6</ele>
      </trkpt>
      <trkpt lat="-44.64402115903795" lon="168.35387385450304">
        <ele>809.4</ele>
      </trkpt>
      <trkpt lat="-44.643988721072674" lon="168.35388056002557">
        <ele>808.8</ele>
      </trkpt>
      <trkpt lat="-44.643988301977515" lon="168.35387276485562">
        <ele>808.6</ele>
      </trkpt>
      <trkpt lat="-44.6439874637872" lon="168.3538756147027">
        <ele>808</ele>
      </trkpt>
      <trkpt lat="-44.643987379968166" lon="168.35387963801622">
        <ele>807.8</ele>
      </trkpt>
      <trkpt lat="-44.64397011324763" lon="168.35387544706464">
        <ele>807.4</ele>
      </trkpt>
      <trkpt lat="-44.64394362643361" lon="168.35388734936714">
        <ele>807.2</ele>
      </trkpt>
      <trkpt lat="-44.64393365196884" lon="168.35389212705195">
        <ele>807.2</ele>
      </trkpt>
      <trkpt lat="-44.64392753317952" lon="168.3538864273578">
        <ele>807</ele>
      </trkpt>
      <trkpt lat="-44.64391093701124" lon="168.35390402935445">
        <ele>807.2</ele>
      </trkpt>
      <trkpt lat="-44.643886713311076" lon="168.35389019921422">
        <ele>807.6</ele>
      </trkpt>
      <trkpt lat="-44.64387279935181" lon="168.3538795541972">
        <ele>808.8</ele>
      </trkpt>
      <trkpt lat="-44.64386056177318" lon="168.35389338433743">
        <ele>810</ele>
      </trkpt>
      <trkpt lat="-44.64385821484029" lon="168.3538927976042">
        <ele>810.4</ele>
      </trkpt>
      <trkpt lat="-44.64385821484029" lon="168.3538927976042">
        <ele>799.244512300054</ele>
      </trkpt>
      <trkpt lat="-44.6438318118453" lon="168.35388131439686">
        <ele>799.2393240270662</ele>
      </trkpt>
      <trkpt lat="-44.6438318118453" lon="168.35388131439686">
        <ele>812.2</ele>
      </trkpt>
      <trkpt lat="-44.64383658953011" lon="168.35389221087098">
        <ele>812.8</ele>
      </trkpt>
      <trkpt lat="-44.64382342994213" lon="168.35390134714544">
        <ele>813.2</ele>
      </trkpt>
      <trkpt lat="-44.643818233162165" lon="168.35392272099853">
        <ele>813</ele>
      </trkpt>
      <trkpt lat="-44.64381228201091" lon="168.35393914952874">
        <ele>812.8</ele>
      </trkpt>
      <trkpt lat="-44.643820663914084" lon="168.3539549075067">
        <ele>812.6</ele>
      </trkpt>
      <trkpt lat="-44.64382099919021" lon="168.35396287031472">
        <ele>812.8</ele>
      </trkpt>
      <trkpt lat="-44.643823597580194" lon="168.35397435352206">
        <ele>814</ele>
      </trkpt>
      <trkpt lat="-44.64382544159889" lon="168.35398382507265">
        <ele>814.4</ele>
      </trkpt>
      <trkpt lat="-44.6438249386847" lon="168.3539982419461">
        <ele>814.8</ele>
      </trkpt>
      <trkpt lat="-44.64382686652243" lon="168.35400285199285">
        <ele>815.6</ele>
      </trkpt>
      <trkpt lat="-44.643830973654985" lon="168.35402213037014">
        <ele>816.6</ele>
      </trkpt>
      <trkpt lat="-44.6438352484256" lon="168.3540360443294">
        <ele>817.2</ele>
      </trkpt>
      <trkpt lat="-44.643845558166504" lon="168.35404995828867">
        <ele>817.8</ele>
      </trkpt>
      <trkpt lat="-44.64384941384196" lon="168.35407376289368">
        <ele>818.4</ele>
      </trkpt>
      <trkpt lat="-44.64383809827268" lon="168.35407242178917">
        <ele>819</ele>
      </trkpt>
      <trkpt lat="-44.643836840987206" lon="168.35407401435077">
        <ele>819</ele>
      </trkpt>
      <trkpt lat="-44.64383508078754" lon="168.3540706615895">
        <ele>819.2</ele>
      </trkpt>
      <trkpt lat="-44.64383332058787" lon="168.3540698233992">
        <ele>819.2</ele>
      </trkpt>
      <trkpt lat="-44.643813874572515" lon="168.35407217033207">
        <ele>819.2</ele>
      </trkpt>
      <trkpt lat="-44.643790824338794" lon="168.3540999982506">
        <ele>819.2</ele>
      </trkpt>
      <trkpt lat="-44.6437662653625" lon="168.35413821972907">
        <ele>820</ele>
      </trkpt>
      <trkpt lat="-44.64376903139055" lon="168.35414333269">
        <ele>820.4</ele>
      </trkpt>
      <trkpt lat="-44.64377464726567" lon="168.3541465178132">
        <ele>820.6</ele>
      </trkpt>
      <trkpt lat="-44.64377934113145" lon="168.35415221750736">
        <ele>820.8</ele>
      </trkpt>
      <trkpt lat="-44.64377749711275" lon="168.35416487418115">
        <ele>820.8</ele>
      </trkpt>
      <trkpt lat="-44.643768360838294" lon="168.35416965186596">
        <ele>820.8</ele>
      </trkpt>
      <trkpt lat="-44.64377062395215" lon="168.35417384281754">
        <ele>821</ele>
      </trkpt>
      <trkpt lat="-44.64376266114414" lon="168.35418951697648">
        <ele>821.2</ele>
      </trkpt>
      <trkpt lat="-44.64375209994614" lon="168.35419395938516">
        <ele>821.8</ele>
      </trkpt>
      <trkpt lat="-44.64374137111008" lon="168.3542025089264">
        <ele>822.2</ele>
      </trkpt>
      <trkpt lat="-44.64372695423663" lon="168.35420468822122">
        <ele>822.2</ele>
      </trkpt>
      <trkpt lat="-44.64372695423663" lon="168.35420468822122">
        <ele>812.1573843679112</ele>
      </trkpt>
      <trkpt lat="-44.643634082749486" lon="168.35417577065527">
        <ele>812.8848736805</ele>
      </trkpt>
      <trkpt lat="-44.643634082749486" lon="168.35417577065527">
        <ele>820.8</ele>
      </trkpt>
      <trkpt lat="-44.64362000115216" lon="168.35417761467397">
        <ele>820.4</ele>
      </trkpt>
      <trkpt lat="-44.64361145161092" lon="168.35418281145394">
        <ele>820.2</ele>
      </trkpt>
      <trkpt lat="-44.64360432699323" lon="168.35418540984392">
        <ele>820</ele>
      </trkpt>
      <trkpt lat="-44.643601812422276" lon="168.35419781506062">
        <ele>819.8</ele>
      </trkpt>
      <trkpt lat="-44.64357172138989" lon="168.3542315941304">
        <ele>819.8</ele>
      </trkpt>
      <trkpt lat="-44.6435540355742" lon="168.35428163409233">
        <ele>819.8</ele>
      </trkpt>
      <trkpt lat="-44.6435246989131" lon="168.35427341982722">
        <ele>819.8</ele>
      </trkpt>
      <trkpt lat="-44.64353232644498" lon="168.35426746867597">
        <ele>819</ele>
      </trkpt>
      <trkpt lat="-44.643526040017605" lon="168.35425305180252">
        <ele>818.4</ele>
      </trkpt>
      <trkpt lat="-44.64347993955016" lon="168.35423008538783">
        <ele>818.8</ele>
      </trkpt>
      <trkpt lat="-44.6434866450727" lon="168.35423721000552">
        <ele>818.8</ele>
      </trkpt>
      <trkpt lat="-44.64348672889173" lon="168.35424316115677">
        <ele>818.8</ele>
      </trkpt>
      <trkpt lat="-44.64347843080759" lon="168.35424659773707">
        <ele>818.6</ele>
      </trkpt>
      <trkpt lat="-44.64347658678889" lon="168.35424969904125">
        <ele>818.6</ele>
      </trkpt>
      <trkpt lat="-44.643475161865354" lon="168.3542487770319">
        <ele>818.4</ele>
      </trkpt>
      <trkpt lat="-44.64347155764699" lon="168.35425447672606">
        <ele>818.2</ele>
      </trkpt>
      <trkpt lat="-44.643481113016605" lon="168.35424735210836">
        <ele>818.2</ele>
      </trkpt>
      <trkpt lat="-44.64346309192479" lon="168.35425606928766">
        <ele>818.4</ele>
      </trkpt>
      <trkpt lat="-44.6434607449919" lon="168.35425531491637">
        <ele>818.2</ele>
      </trkpt>
      <trkpt lat="-44.643413135781884" lon="168.3542638644576">
        <ele>818.2</ele>
      </trkpt>
      <trkpt lat="-44.64340265840292" lon="168.35428917780519">
        <ele>818.2</ele>
      </trkpt>
      <trkpt lat="-44.64340349659324" lon="168.35433318279684">
        <ele>818.2</ele>
      </trkpt>
      <trkpt lat="-44.643392683938146" lon="168.35430728271604">
        <ele>818.8</ele>
      </trkpt>
      <trkpt lat="-44.6433724835515" lon="168.35432153195143">
        <ele>820.2</ele>
      </trkpt>
      <trkpt lat="-44.64336317963898" lon="168.35434902459383">
        <ele>820.4</ele>
      </trkpt>
      <trkpt lat="-44.64332998730242" lon="168.35435522720218">
        <ele>820.6</ele>
      </trkpt>
      <trkpt lat="-44.64333149604499" lon="168.35435757413507">
        <ele>820.8</ele>
      </trkpt>
      <trkpt lat="-44.64333384297788" lon="168.35436369292438">
        <ele>821.2</ele>
      </trkpt>
      <trkpt lat="-44.64331422932446" lon="168.35434106178582">
        <ele>821.4</ele>
      </trkpt>
      <trkpt lat="-44.64328011497855" lon="168.3543481864035">
        <ele>821.4</ele>
      </trkpt>
      <trkpt lat="-44.643276426941156" lon="168.35435019806027">
        <ele>821.6</ele>
      </trkpt>
      <trkpt lat="-44.64327131398022" lon="168.35433687083423">
        <ele>822.2</ele>
      </trkpt>
      <trkpt lat="-44.64326234534383" lon="168.3543391339481">
        <ele>822.4</ele>
      </trkpt>
      <trkpt lat="-44.64324491098523" lon="168.35433854721487">
        <ele>823</ele>
      </trkpt>
      <trkpt lat="-44.643244659528136" lon="168.3543299138546">
        <ele>823</ele>
      </trkpt>
      <trkpt lat="-44.643242647871375" lon="168.35433527827263">
        <ele>823.2</ele>
      </trkpt>
      <trkpt lat="-44.64323409833014" lon="168.35435086861253">
        <ele>823.4</ele>
      </trkpt>
      <trkpt lat="-44.64321004226804" lon="168.3543647825718">
        <ele>824</ele>
      </trkpt>
      <trkpt lat="-44.6432017441839" lon="168.35436469875276">
        <ele>824.4</ele>
      </trkpt>
      <trkpt lat="-44.64319738559425" lon="168.35436687804759">
        <ele>824.6</ele>
      </trkpt>
      <trkpt lat="-44.64317877776921" lon="168.35439009591937">
        <ele>825.2</ele>
      </trkpt>
      <trkpt lat="-44.64316654019058" lon="168.35441004484892">
        <ele>826.6</ele>
      </trkpt>
      <trkpt lat="-44.64312496595085" lon="168.35443602874875">
        <ele>827.4</ele>
      </trkpt>
      <trkpt lat="-44.64312496595085" lon="168.35443602874875">
        <ele>833.3342538005217</ele>
      </trkpt>
      <trkpt lat="-44.643115662038326" lon="168.354428736493">
        <ele>833.3799595624683</ele>
      </trkpt>
      <trkpt lat="-44.643115662038326" lon="168.354428736493">
        <ele>828</ele>
      </trkpt>
      <trkpt lat="-44.643115662038326" lon="168.354428736493">
        <ele>833.3799595624683</ele>
      </trkpt>
      <trkpt lat="-44.64299339273091" lon="168.35503691360532">
        <ele>861.5628612129022</ele>
      </trkpt>
      <trkpt lat="-44.64287112342349" lon="168.35564509071762">
        <ele>893.0278997054888</ele>
      </trkpt>
      <trkpt lat="-44.64282195965173" lon="168.35588963516932">
        <ele>904.8645457977902</ele>
      </trkpt>
      <trkpt lat="-44.64282195965173" lon="168.35588963516932">
        <ele>904.8645457977902</ele>
      </trkpt>
      <trkpt lat="-44.642506828851964" lon="168.35592152458747">
        <ele>906.096432247107</ele>
      </trkpt>
    </trkseg>
  </trk>
</gpx>
