<?xml version="1.0" encoding="UTF-8"?>
<gpx version="1.1" creator="Hikingbook" xmlns:xsi="http://www.w3.org/2001/XMLSchema-instance" xmlns="http://www.topografix.com/GPX/1/1" xsi:schemaLocation="http://www.topografix.com/GPX/1/1 https://www.topografix.com/GPX/1/1/gpx.xsd https://hikingbook.net/xmlschemas/1/5 https:/hikingbook.net/xmlschemas/1/5/gpxhb.xsd" xmlns:gpxhb="https://hikingbook.net/xmlschemas/1/5"><metadata><name>🪢太鼓拉閥斯-草泥馬-無名-獅王(2024-12-8）-「溪降」［🇹🇼屏東-瑪珈］</name><desc>使用 Hikingbook App 記錄，介面最好用，功能最完整，分享最方便！現已支援 iOS 與 Android 雙平臺。</desc><author><name>Hikingbook</name><link href="https://hikingbook.net"><text>Hikingbook</text></link></author><link href="https://hikingbook.net/hikes/2024-12-8-2024-12-9-%E5%A4%9A%E6%97%A5%E9%87%8D%E8%A3%9D%E7%99%BB%E5%B1%B1-06e15862"><text>Hikingbook</text></link><time>2026-07-04T16:32:45.422725607+08:00</time><keywords>Hikingbook,EzLife,太鼓拉閥斯,草泥馬峽谷,獅王瀑布,Taiwan,canyoning</keywords><extensions><gpxhb:postscript>1.)9點抵達草泥馬才有陽光
2.）15:00 抵達草泥馬才有陽光
3.）電鑽沒帶到，因此部分隊友只能迫降隔天再戰</gpxhb:postscript><gpxhb:loadweight>10.0</gpxhb:loadweight><gpxhb:loadweight>10.0</gpxhb:loadweight><gpxhb:loadweight>10.0</gpxhb:loadweight><gpxhb:loadweight>10.0</gpxhb:loadweight><gpxhb:fitnesslevel>1</gpxhb:fitnesslevel><gpxhb:activitytype>others</gpxhb:activitytype><gpxhb:trackimageurl>https://assets.hikingbook.net/users/60w3wu1it91y2jmwdxciziq/o6emzsv99tgo8ii2srlfjkw/0a68b125-7eb0-43d5-8d5f-a6e164fa0d60.jpg</gpxhb:trackimageurl><gpxhb:device>Apple iPhone 13 Pro</gpxhb:device><gpxhb:source>Hikingbook</gpxhb:source></extensions></metadata><wpt lat="22.665270385353512" lon="120.71511293772674"><ele>722</ele><time>2024-12-07T23:40:38Z</time><name>00 停車點「開始」 </name><cmt>2024-12-08T07:40:38+08:00</cmt><desc>00 停車點「開始」 </desc><src>Hikingbook</src><link href="https://hikingbook.net/hikes/o6EmzSV99TgO8Ii2sRLfJKw"><text>Hikingbook</text></link><extensions><gpxhb:weather>Clear</gpxhb:weather><gpxhb:speed>0.000000</gpxhb:speed><gpxhb:course>169.101562</gpxhb:course></extensions></wpt><wpt lat="22.657211639219252" lon="120.72008745637491"><ele>575</ele><time>2024-12-08T00:05:44Z</time><name>01 橋</name><cmt>2024-12-08T08:05:44+08:00</cmt><desc>01 橋</desc><src>Hikingbook</src><link href="https://hikingbook.net/hikes/o6EmzSV99TgO8Ii2sRLfJKw"><text>Hikingbook</text></link><extensions><gpxhb:weather>Clear</gpxhb:weather><gpxhb:speed>0.505555</gpxhb:speed><gpxhb:course>145.249695</gpxhb:course></extensions></wpt><wpt lat="22.658030474579572" lon="120.72127112198687"><ele>563</ele><time>2024-12-08T00:28:15Z</time><name>02 瀑1 （太鼓拉閥斯）-10米-瀑頂「右岸-bolt 」</name><cmt>2024-12-08T08:28:15+08:00</cmt><desc>02 瀑1 （太鼓拉閥斯）-10米-瀑頂「右岸-bolt 」</desc><src>Hikingbook</src><link href="https://hikingbook.net/hikes/o6EmzSV99TgO8Ii2sRLfJKw"><text>Hikingbook</text></link><extensions><gpxhb:weather>Clear</gpxhb:weather><gpxhb:speed>0.000000</gpxhb:speed><gpxhb:course>-1.000000</gpxhb:course></extensions></wpt><wpt lat="22.658141371557818" lon="120.72129955798896"><ele>132</ele><time>2024-12-08T01:10:00Z</time><name>03 瀑1 （太鼓拉閥斯）-40米-中繼點「右岸-bolt 」</name><cmt>2024-12-08T09:10:00+08:00</cmt><desc>03 瀑1 （太鼓拉閥斯）-40米-中繼點「右岸-bolt 」</desc><src>Hikingbook</src><link href="https://hikingbook.net/hikes/o6EmzSV99TgO8Ii2sRLfJKw"><text>Hikingbook</text></link><extensions><gpxhb:weather>Clear</gpxhb:weather><gpxhb:speed>-1.000000</gpxhb:speed><gpxhb:course>-1.000000</gpxhb:course></extensions></wpt><wpt lat="22.65842199327672" lon="120.72138369094647"><ele>538</ele><time>2024-12-08T01:22:43Z</time><name>04 瀑1（太鼓拉閥斯）-瀑底</name><cmt>2024-12-08T09:22:43+08:00</cmt><desc>04 瀑1（太鼓拉閥斯）-瀑底</desc><src>Hikingbook</src><link href="https://hikingbook.net/hikes/o6EmzSV99TgO8Ii2sRLfJKw"><text>Hikingbook</text></link><extensions><gpxhb:weather>Clear</gpxhb:weather><gpxhb:speed>0.160000</gpxhb:speed><gpxhb:course>-1.000000</gpxhb:course></extensions></wpt><wpt lat="22.659736380013104" lon="120.72165015399916"><ele>517</ele><time>2024-12-08T01:37:42Z</time><name>05 深潭</name><cmt>2024-12-08T09:37:42+08:00</cmt><desc>05 深潭</desc><src>Hikingbook</src><link href="https://hikingbook.net/hikes/o6EmzSV99TgO8Ii2sRLfJKw"><text>Hikingbook</text></link><extensions><gpxhb:weather>Clear</gpxhb:weather><gpxhb:speed>0.245281</gpxhb:speed><gpxhb:course>324.565438</gpxhb:course></extensions></wpt><wpt lat="22.661137305887557" lon="120.72078335772095"><ele>518</ele><time>2024-12-08T01:45:20Z</time><name>06 瀑2 （草泥馬峽谷）-12米-瀑頂「中間-bolt 」</name><cmt>2024-12-08T09:45:20+08:00</cmt><desc>06 瀑2 （草泥馬峽谷）-12米-瀑頂「中間-bolt 」</desc><src>Hikingbook</src><link href="https://hikingbook.net/hikes/o6EmzSV99TgO8Ii2sRLfJKw"><text>Hikingbook</text></link><extensions><gpxhb:weather>Clear</gpxhb:weather><gpxhb:speed>0.000000</gpxhb:speed><gpxhb:course>-1.000000</gpxhb:course></extensions></wpt><wpt lat="22.661647228307878" lon="120.72056944563563"><ele>519</ele><time>2024-12-08T03:01:00Z</time><name>07 瀑2 （草泥馬峽谷）-瀑底（100米深潭終點）</name><cmt>2024-12-08T11:01:00+08:00</cmt><desc>07 瀑2 （草泥馬峽谷）-瀑底（100米深潭終點）</desc><src>Hikingbook</src><link href="https://hikingbook.net/hikes/o6EmzSV99TgO8Ii2sRLfJKw"><text>Hikingbook</text></link><extensions><gpxhb:weather>Clear</gpxhb:weather><gpxhb:speed>-1.000000</gpxhb:speed><gpxhb:course>-1.000000</gpxhb:course></extensions></wpt><wpt lat="22.662500711179025" lon="120.72035699162699"><ele>525</ele><time>2024-12-08T03:40:17Z</time><name>08 草泥馬峽谷山路-5（出入口）</name><cmt>2024-12-08T11:40:17+08:00</cmt><desc>08 草泥馬峽谷山路-5（出入口）</desc><src>Hikingbook</src><link href="https://hikingbook.net/hikes/o6EmzSV99TgO8Ii2sRLfJKw"><text>Hikingbook</text></link><extensions><gpxhb:weather>Clear</gpxhb:weather><gpxhb:speed>0.230000</gpxhb:speed><gpxhb:course>-1.000000</gpxhb:course></extensions></wpt><wpt lat="22.663897917488804" lon="120.71980306183012"><ele>515</ele><time>2024-12-08T03:49:02Z</time><name>09 左岸跳水</name><cmt>2024-12-08T11:49:02+08:00</cmt><desc>09 左岸跳水</desc><src>Hikingbook</src><link href="https://hikingbook.net/hikes/o6EmzSV99TgO8Ii2sRLfJKw"><text>Hikingbook</text></link><extensions><gpxhb:weather>Clear</gpxhb:weather><gpxhb:speed>0.266724</gpxhb:speed><gpxhb:course>-1.000000</gpxhb:course></extensions></wpt><wpt lat="22.66456828735105" lon="120.7198542659186"><ele>514</ele><time>2024-12-08T03:55:09Z</time><name>10 瀑布（右岸高繞跳水）</name><cmt>2024-12-08T11:55:09+08:00</cmt><desc>10 瀑布（右岸高繞跳水）</desc><src>Hikingbook</src><link href="https://hikingbook.net/hikes/o6EmzSV99TgO8Ii2sRLfJKw"><text>Hikingbook</text></link><extensions><gpxhb:weather>Clear</gpxhb:weather><gpxhb:speed>0.000000</gpxhb:speed><gpxhb:course>74.373862</gpxhb:course></extensions></wpt><wpt lat="22.664790102296426" lon="120.72019748400962"><ele>488</ele><time>2024-12-08T04:06:34Z</time><name>11 瀑3-5米-瀑底「左岸-bolt 」（石頭後方）</name><cmt>2024-12-08T12:06:34+08:00</cmt><desc>11 瀑3-5米-瀑底「左岸-bolt 」（石頭後方）</desc><src>Hikingbook</src><link href="https://hikingbook.net/hikes/o6EmzSV99TgO8Ii2sRLfJKw"><text>Hikingbook</text></link><extensions><gpxhb:weather>Clear</gpxhb:weather><gpxhb:speed>0.000000</gpxhb:speed><gpxhb:course>-1.000000</gpxhb:course></extensions></wpt><wpt lat="22.665784902328248" lon="120.72142260022362"><ele>454</ele><time>2024-12-08T04:21:40Z</time><name>12 深潭</name><cmt>2024-12-08T12:21:40+08:00</cmt><desc>12 深潭</desc><src>Hikingbook</src><link href="https://hikingbook.net/hikes/o6EmzSV99TgO8Ii2sRLfJKw"><text>Hikingbook</text></link><extensions><gpxhb:weather>Clear</gpxhb:weather><gpxhb:speed>0.000000</gpxhb:speed><gpxhb:course>-1.000000</gpxhb:course></extensions></wpt><wpt lat="22.6660315665585" lon="120.72169453141039"><ele>458</ele><time>2024-12-08T04:24:26Z</time><name>13 深潭</name><cmt>2024-12-08T12:24:26+08:00</cmt><desc>13 深潭</desc><src>Hikingbook</src><link href="https://hikingbook.net/hikes/o6EmzSV99TgO8Ii2sRLfJKw"><text>Hikingbook</text></link><extensions><gpxhb:weather>Clear</gpxhb:weather><gpxhb:speed>0.000000</gpxhb:speed><gpxhb:course>-1.000000</gpxhb:course></extensions></wpt><wpt lat="22.66667697099984" lon="120.72130955957309"><ele>449</ele><time>2024-12-08T04:28:57Z</time><name>14 紮營點</name><cmt>2024-12-08T12:28:57+08:00</cmt><desc>14 紮營點</desc><src>Hikingbook</src><link href="https://hikingbook.net/hikes/o6EmzSV99TgO8Ii2sRLfJKw"><text>Hikingbook</text></link><extensions><gpxhb:weather>Clear</gpxhb:weather><gpxhb:speed>0.000000</gpxhb:speed><gpxhb:course>-1.000000</gpxhb:course></extensions></wpt><wpt lat="22.667030759678056" lon="120.72145443672417"><ele>453</ele><time>2024-12-08T04:30:51Z</time><name>15 瀑布4（右岸高繞）</name><cmt>2024-12-08T12:30:51+08:00</cmt><desc>15 瀑布4（右岸高繞）</desc><src>Hikingbook</src><link href="https://hikingbook.net/hikes/o6EmzSV99TgO8Ii2sRLfJKw"><text>Hikingbook</text></link><extensions><gpxhb:weather>Clear</gpxhb:weather><gpxhb:speed>0.362349</gpxhb:speed><gpxhb:course>272.606384</gpxhb:course></extensions></wpt><wpt lat="22.667071746451285" lon="120.72162319222448"><ele>452</ele><time>2024-12-08T04:32:37Z</time><name>16 瀑4（無名瀑布）-15米-瀑頂「右岸-bolt 」&#xA;</name><cmt>2024-12-08T12:32:37+08:00</cmt><desc>16 瀑4（無名瀑布）-15米-瀑頂「右岸-bolt 」&#xA;</desc><src>Hikingbook</src><link href="https://hikingbook.net/hikes/o6EmzSV99TgO8Ii2sRLfJKw"><text>Hikingbook</text></link><extensions><gpxhb:weather>Clear</gpxhb:weather><gpxhb:speed>0.000000</gpxhb:speed><gpxhb:course>16.289699</gpxhb:course></extensions></wpt><wpt lat="22.667020007774763" lon="120.72159875118305"><ele>457</ele><time>2024-12-08T05:37:52Z</time><name>17 瀑4-瀑底</name><cmt>2024-12-08T13:37:52+08:00</cmt><desc>17 瀑4-瀑底</desc><src>Hikingbook</src><link href="https://hikingbook.net/hikes/o6EmzSV99TgO8Ii2sRLfJKw"><text>Hikingbook</text></link><extensions><gpxhb:weather>Clear</gpxhb:weather><gpxhb:speed>0.190917</gpxhb:speed><gpxhb:course>-1.000000</gpxhb:course></extensions></wpt><wpt lat="22.667020007774763" lon="120.72159875118305"><ele>457</ele><time>2024-12-08T05:46:30Z</time><name>18 瀑5（無名瀑布）-5米-瀑頂「右岸-bolt 」（橫移）</name><cmt>2024-12-08T13:46:30+08:00</cmt><desc>18 瀑5（無名瀑布）-5米-瀑頂「右岸-bolt 」（橫移）</desc><src>Hikingbook</src><link href="https://hikingbook.net/hikes/o6EmzSV99TgO8Ii2sRLfJKw"><text>Hikingbook</text></link><extensions><gpxhb:weather>Clear</gpxhb:weather><gpxhb:speed>0.190917</gpxhb:speed><gpxhb:course>-1.000000</gpxhb:course></extensions></wpt><wpt lat="22.667971934677624" lon="120.72243305710525"><ele>433</ele><time>2024-12-08T06:15:56Z</time><name>19 瀑5（無名瀑布）-16米-瀑底「右岸-bolt 」</name><cmt>2024-12-08T14:15:56+08:00</cmt><desc>19 瀑5（無名瀑布）-16米-瀑底「右岸-bolt 」</desc><src>Hikingbook</src><link href="https://hikingbook.net/hikes/o6EmzSV99TgO8Ii2sRLfJKw"><text>Hikingbook</text></link><extensions><gpxhb:weather>Clear</gpxhb:weather><gpxhb:speed>0.050131</gpxhb:speed><gpxhb:course>-1.000000</gpxhb:course></extensions></wpt><wpt lat="22.667753956707415" lon="120.72295696161062"><ele>426</ele><time>2024-12-08T06:22:23Z</time><name>20 深潭</name><cmt>2024-12-08T14:22:23+08:00</cmt><desc>20 深潭</desc><src>Hikingbook</src><link href="https://hikingbook.net/hikes/o6EmzSV99TgO8Ii2sRLfJKw"><text>Hikingbook</text></link><extensions><gpxhb:weather>Clear</gpxhb:weather><gpxhb:speed>0.000000</gpxhb:speed><gpxhb:course>-1.000000</gpxhb:course></extensions></wpt><wpt lat="22.667257410772915" lon="120.7233426986991"><ele>426</ele><time>2024-12-08T06:27:00Z</time><name>21 深潭</name><cmt>2024-12-08T14:27:00+08:00</cmt><desc>21 深潭</desc><src>Hikingbook</src><link href="https://hikingbook.net/hikes/o6EmzSV99TgO8Ii2sRLfJKw"><text>Hikingbook</text></link><extensions><gpxhb:weather>Clear</gpxhb:weather><gpxhb:speed>0.000000</gpxhb:speed><gpxhb:course>-1.000000</gpxhb:course></extensions></wpt><wpt lat="22.667315520349128" lon="120.72365352895737"><ele>418</ele><time>2024-12-08T06:29:48Z</time><name>22 紮營點</name><cmt>2024-12-08T14:29:48+08:00</cmt><desc>22 紮營點</desc><src>Hikingbook</src><link href="https://hikingbook.net/hikes/o6EmzSV99TgO8Ii2sRLfJKw"><text>Hikingbook</text></link><extensions><gpxhb:weather>Clear</gpxhb:weather><gpxhb:speed>0.000000</gpxhb:speed><gpxhb:course>218.397795</gpxhb:course></extensions></wpt><wpt lat="22.670111243308025" lon="120.72554313710965"><ele>412</ele><time>2024-12-08T06:46:13Z</time><name>23 深潭（左岸高繞跳水）</name><cmt>2024-12-08T14:46:13+08:00</cmt><desc>23 深潭（左岸高繞跳水）</desc><src>Hikingbook</src><link href="https://hikingbook.net/hikes/o6EmzSV99TgO8Ii2sRLfJKw"><text>Hikingbook</text></link><extensions><gpxhb:weather>Clear</gpxhb:weather><gpxhb:speed>0.000000</gpxhb:speed><gpxhb:course>1.699594</gpxhb:course></extensions></wpt><wpt lat="22.66983857072268" lon="120.7239708291376"><ele>402</ele><time>2024-12-08T07:16:33Z</time><name>24 瀑6（獅王瀑布）-50米-瀑頂「右岸-bolt 」</name><cmt>2024-12-08T15:16:33+08:00</cmt><desc>24 瀑6（獅王瀑布）-50米-瀑頂「右岸-bolt 」</desc><src>Hikingbook</src><link href="https://hikingbook.net/hikes/o6EmzSV99TgO8Ii2sRLfJKw"><text>Hikingbook</text></link><extensions><gpxhb:weather>Clear</gpxhb:weather><gpxhb:speed>0.000000</gpxhb:speed><gpxhb:course>221.278302</gpxhb:course></extensions></wpt><wpt lat="22.67040287611723" lon="120.72296954702654"><ele>348</ele><time>2024-12-08T09:37:37Z</time><name>25 瀑6（獅王瀑布）-瀑底</name><cmt>2024-12-08T17:37:37+08:00</cmt><desc>25 瀑6（獅王瀑布）-瀑底</desc><src>Hikingbook</src><link href="https://hikingbook.net/hikes/o6EmzSV99TgO8Ii2sRLfJKw"><text>Hikingbook</text></link><extensions><gpxhb:weather>Clear</gpxhb:weather><gpxhb:speed>0.000000</gpxhb:speed><gpxhb:course>-1.000000</gpxhb:course></extensions></wpt><wpt lat="22.6702125986875" lon="120.72211713395346"><ele>405</ele><time>2024-12-08T13:38:08Z</time><name>26 回程山路-1-1</name><cmt>2024-12-08T21:38:08+08:00</cmt><desc>26 回程山路-1-1</desc><src>Hikingbook</src><link href="https://hikingbook.net/hikes/o6EmzSV99TgO8Ii2sRLfJKw"><text>Hikingbook</text></link><extensions><gpxhb:weather>Clear</gpxhb:weather><gpxhb:speed>0.000000</gpxhb:speed><gpxhb:course>134.668958</gpxhb:course></extensions></wpt><wpt lat="22.670160173903493" lon="120.72188298569375"><ele>417</ele><time>2024-12-08T13:40:15Z</time><name>27 回程山路-1-2</name><cmt>2024-12-08T21:40:15+08:00</cmt><desc>27 回程山路-1-2</desc><src>Hikingbook</src><link href="https://hikingbook.net/hikes/o6EmzSV99TgO8Ii2sRLfJKw"><text>Hikingbook</text></link><extensions><gpxhb:weather>Clear</gpxhb:weather><gpxhb:speed>0.000000</gpxhb:speed><gpxhb:course>140.335200</gpxhb:course></extensions></wpt><wpt lat="22.67004198512154" lon="120.72181215705703"><ele>421</ele><time>2024-12-08T13:42:49Z</time><name>28 回程山路-1-3</name><cmt>2024-12-08T21:42:49+08:00</cmt><desc>28 回程山路-1-3</desc><src>Hikingbook</src><link href="https://hikingbook.net/hikes/o6EmzSV99TgO8Ii2sRLfJKw"><text>Hikingbook</text></link><extensions><gpxhb:weather>Clear</gpxhb:weather><gpxhb:speed>0.000000</gpxhb:speed><gpxhb:course>226.556523</gpxhb:course></extensions></wpt><wpt lat="22.669622940032433" lon="120.72193245414711"><ele>479</ele><time>2024-12-08T13:48:31Z</time><name>29 回程山路-1-4</name><cmt>2024-12-08T21:48:31+08:00</cmt><desc>29 回程山路-1-4</desc><src>Hikingbook</src><link href="https://hikingbook.net/hikes/o6EmzSV99TgO8Ii2sRLfJKw"><text>Hikingbook</text></link><extensions><gpxhb:weather>Clear</gpxhb:weather><gpxhb:speed>1.990000</gpxhb:speed><gpxhb:course>331.523438</gpxhb:course></extensions></wpt><wpt lat="22.6686915163009" lon="120.71733662954205"><ele>712</ele><time>2024-12-08T15:43:55Z</time><name>30 回程山路-1-5（產業道路）</name><cmt>2024-12-08T23:43:55+08:00</cmt><desc>30 回程山路-1-5（產業道路）</desc><src>Hikingbook</src><link href="https://hikingbook.net/hikes/o6EmzSV99TgO8Ii2sRLfJKw"><text>Hikingbook</text></link><extensions><gpxhb:weather>Clear</gpxhb:weather><gpxhb:speed>0.038769</gpxhb:speed><gpxhb:course>-1.000000</gpxhb:course></extensions></wpt><wpt lat="22.667337047892197" lon="120.71594318157933"><ele>745</ele><time>2024-12-08T15:50:00Z</time><name>31 回程山路-1-6（柵欄）</name><cmt>2024-12-08T23:50:00+08:00</cmt><desc>31 回程山路-1-6（柵欄）</desc><src>Hikingbook</src><link href="https://hikingbook.net/hikes/o6EmzSV99TgO8Ii2sRLfJKw"><text>Hikingbook</text></link><extensions><gpxhb:weather>Clear</gpxhb:weather><gpxhb:speed>0.401790</gpxhb:speed><gpxhb:course>197.499912</gpxhb:course></extensions></wpt><wpt lat="22.665230853977082" lon="120.71508475623592"><ele>720</ele><time>2024-12-08T15:58:00Z</time><name>32 停車點「結束」 </name><cmt>2024-12-08T23:58:00+08:00</cmt><desc>32 停車點「結束」 </desc><src>Hikingbook</src><link href="https://hikingbook.net/hikes/o6EmzSV99TgO8Ii2sRLfJKw"><text>Hikingbook</text></link><extensions><gpxhb:weather>Clear</gpxhb:weather><gpxhb:speed>0.000000</gpxhb:speed><gpxhb:course>196.327287</gpxhb:course></extensions></wpt><wpt lat="22.665433303756224" lon="120.71563096231507"><ele>727</ele><time>2024-12-10T07:08:57Z</time><name>33 草泥馬峽谷山路-0-（出入口）</name><cmt>2024-12-10T15:08:57+08:00</cmt><desc>33 草泥馬峽谷山路-0-（出入口）</desc><src>Hikingbook</src><link href="https://hikingbook.net/hikes/o6EmzSV99TgO8Ii2sRLfJKw"><text>Hikingbook</text></link><extensions><gpxhb:weather>Clear</gpxhb:weather><gpxhb:speed>-1.000000</gpxhb:speed><gpxhb:course>-1.000000</gpxhb:course></extensions></wpt><wpt lat="22.66509" lon="120.71647"><ele>693</ele><time>2024-12-10T07:09:37Z</time><name>34 草泥馬峽谷山路-1</name><cmt>2024-12-10T15:09:37+08:00</cmt><desc>34 草泥馬峽谷山路-1</desc><src>Hikingbook</src><link href="https://hikingbook.net/hikes/o6EmzSV99TgO8Ii2sRLfJKw"><text>Hikingbook</text></link><extensions><gpxhb:weather>Clear</gpxhb:weather><gpxhb:speed>-1.000000</gpxhb:speed><gpxhb:course>-1.000000</gpxhb:course></extensions></wpt><wpt lat="22.66452" lon="120.71785"><ele>638</ele><time>2024-12-10T07:10:58Z</time><name>35 草泥馬峽谷山路-2</name><cmt>2024-12-10T15:10:58+08:00</cmt><desc>35 草泥馬峽谷山路-2</desc><src>Hikingbook</src><link href="https://hikingbook.net/hikes/o6EmzSV99TgO8Ii2sRLfJKw"><text>Hikingbook</text></link><extensions><gpxhb:weather>Clear</gpxhb:weather><gpxhb:speed>-1.000000</gpxhb:speed><gpxhb:course>-1.000000</gpxhb:course></extensions></wpt><wpt lat="22.66359" lon="120.71837"><ele>613</ele><time>2024-12-10T07:13:52Z</time><name>36 草泥馬峽谷山路-3(工寮）</name><cmt>2024-12-10T15:13:52+08:00</cmt><desc>36 草泥馬峽谷山路-3(工寮）</desc><src>Hikingbook</src><link href="https://hikingbook.net/hikes/o6EmzSV99TgO8Ii2sRLfJKw"><text>Hikingbook</text></link><extensions><gpxhb:weather>Clear</gpxhb:weather><gpxhb:speed>-1.000000</gpxhb:speed><gpxhb:course>-1.000000</gpxhb:course></extensions></wpt><wpt lat="22.66341" lon="120.7192"><ele>164</ele><time>2024-12-10T07:15:49Z</time><name>37 草泥馬峽谷山路-4(天然工寮）</name><cmt>2024-12-10T15:15:49+08:00</cmt><desc>37 草泥馬峽谷山路-4(天然工寮）</desc><src>Hikingbook</src><link href="https://hikingbook.net/hikes/o6EmzSV99TgO8Ii2sRLfJKw"><text>Hikingbook</text></link><extensions><gpxhb:weather>Clear</gpxhb:weather><gpxhb:speed>-1.000000</gpxhb:speed><gpxhb:course>-1.000000</gpxhb:course></extensions></wpt><wpt lat="22.662838388302514" lon="120.71987969358945"><ele>520</ele><time>2024-12-10T07:24:49Z</time><name>38 草泥馬峽谷山路-5</name><cmt>2024-12-10T15:24:49+08:00</cmt><desc>38 草泥馬峽谷山路-5</desc><src>Hikingbook</src><link href="https://hikingbook.net/hikes/o6EmzSV99TgO8Ii2sRLfJKw"><text>Hikingbook</text></link><extensions><gpxhb:weather>Clear</gpxhb:weather><gpxhb:speed>-1.000000</gpxhb:speed><gpxhb:course>-1.000000</gpxhb:course></extensions></wpt><wpt lat="22.65866" lon="120.72171"><ele>132</ele><time>2024-12-11T01:27:16Z</time><name>39 撤退路線1-1</name><cmt>2024-12-11T09:27:16+08:00</cmt><desc>39 撤退路線1-1</desc><src>Hikingbook</src><link href="https://hikingbook.net/hikes/o6EmzSV99TgO8Ii2sRLfJKw"><text>Hikingbook</text></link><extensions><gpxhb:weather>Clear</gpxhb:weather><gpxhb:speed>-1.000000</gpxhb:speed><gpxhb:course>-1.000000</gpxhb:course></extensions></wpt><wpt lat="22.65866" lon="120.72161"><ele>134</ele><time>2024-12-11T01:33:07Z</time><name>40 撤退路線1-2</name><cmt>2024-12-11T09:33:07+08:00</cmt><desc>40 撤退路線1-2</desc><src>Hikingbook</src><link href="https://hikingbook.net/hikes/o6EmzSV99TgO8Ii2sRLfJKw"><text>Hikingbook</text></link><extensions><gpxhb:weather>Clear</gpxhb:weather><gpxhb:speed>-1.000000</gpxhb:speed><gpxhb:course>-1.000000</gpxhb:course></extensions></wpt><wpt lat="22.65853" lon="120.7215"><ele>134</ele><time>2024-12-11T01:34:13Z</time><name>41 撤退路線1-3</name><cmt>2024-12-11T09:34:13+08:00</cmt><desc>41 撤退路線1-3</desc><src>Hikingbook</src><link href="https://hikingbook.net/hikes/o6EmzSV99TgO8Ii2sRLfJKw"><text>Hikingbook</text></link><extensions><gpxhb:weather>Clear</gpxhb:weather><gpxhb:speed>-1.000000</gpxhb:speed><gpxhb:course>-1.000000</gpxhb:course></extensions></wpt><wpt lat="22.65866" lon="120.72107"><ele>132</ele><time>2024-12-11T01:36:55Z</time><name>42 撤退路線1-4</name><cmt>2024-12-11T09:36:55+08:00</cmt><desc>42 撤退路線1-4</desc><src>Hikingbook</src><link href="https://hikingbook.net/hikes/o6EmzSV99TgO8Ii2sRLfJKw"><text>Hikingbook</text></link><extensions><gpxhb:weather>Clear</gpxhb:weather><gpxhb:speed>-1.000000</gpxhb:speed><gpxhb:course>-1.000000</gpxhb:course></extensions></wpt><wpt lat="22.65874" lon="120.72108"><ele>132</ele><time>2024-12-11T01:38:51Z</time><name>43 撤退路線1-5</name><cmt>2024-12-11T09:38:51+08:00</cmt><desc>43 撤退路線1-5</desc><src>Hikingbook</src><link href="https://hikingbook.net/hikes/o6EmzSV99TgO8Ii2sRLfJKw"><text>Hikingbook</text></link><extensions><gpxhb:weather>Clear</gpxhb:weather><gpxhb:speed>-1.000000</gpxhb:speed><gpxhb:course>-1.000000</gpxhb:course></extensions></wpt><wpt lat="22.65852" lon="120.72068"><ele>134</ele><time>2024-12-11T01:39:54Z</time><name>44 撤退路線1-6</name><cmt>2024-12-11T09:39:54+08:00</cmt><desc>44 撤退路線1-6</desc><src>Hikingbook</src><link href="https://hikingbook.net/hikes/o6EmzSV99TgO8Ii2sRLfJKw"><text>Hikingbook</text></link><extensions><gpxhb:weather>Clear</gpxhb:weather><gpxhb:speed>-1.000000</gpxhb:speed><gpxhb:course>-1.000000</gpxhb:course></extensions></wpt><wpt lat="22.65863" lon="120.72041"><ele>133</ele><time>2024-12-11T01:40:39Z</time><name>45 撤退路線1-7</name><cmt>2024-12-11T09:40:39+08:00</cmt><desc>45 撤退路線1-7</desc><src>Hikingbook</src><link href="https://hikingbook.net/hikes/o6EmzSV99TgO8Ii2sRLfJKw"><text>Hikingbook</text></link><extensions><gpxhb:weather>Clear</gpxhb:weather><gpxhb:speed>-1.000000</gpxhb:speed><gpxhb:course>-1.000000</gpxhb:course></extensions></wpt><wpt lat="22.65892" lon="120.72019"><ele>133</ele><time>2024-12-11T01:41:56Z</time><name>46 撤退路線1-8</name><cmt>2024-12-11T09:41:56+08:00</cmt><desc>46 撤退路線1-8</desc><src>Hikingbook</src><link href="https://hikingbook.net/hikes/o6EmzSV99TgO8Ii2sRLfJKw"><text>Hikingbook</text></link><extensions><gpxhb:weather>Clear</gpxhb:weather><gpxhb:speed>-1.000000</gpxhb:speed><gpxhb:course>-1.000000</gpxhb:course></extensions></wpt><wpt lat="22.6591" lon="120.72022"><ele>132</ele><time>2024-12-11T01:42:53Z</time><name>47 撤退路線1-9</name><cmt>2024-12-11T09:42:53+08:00</cmt><desc>47 撤退路線1-9</desc><src>Hikingbook</src><link href="https://hikingbook.net/hikes/o6EmzSV99TgO8Ii2sRLfJKw"><text>Hikingbook</text></link><extensions><gpxhb:weather>Clear</gpxhb:weather><gpxhb:speed>-1.000000</gpxhb:speed><gpxhb:course>-1.000000</gpxhb:course></extensions></wpt><wpt lat="22.65927" lon="120.71994"><ele>132</ele><time>2024-12-11T01:43:50Z</time><name>48 撤退路線1-10（出口）</name><cmt>2024-12-11T09:43:50+08:00</cmt><desc>48 撤退路線1-10（出口）</desc><src>Hikingbook</src><link href="https://hikingbook.net/hikes/o6EmzSV99TgO8Ii2sRLfJKw"><text>Hikingbook</text></link><extensions><gpxhb:weather>Clear</gpxhb:weather><gpxhb:speed>-1.000000</gpxhb:speed><gpxhb:course>-1.000000</gpxhb:course></extensions></wpt><wpt lat="22.668749999999996" lon="120.72106"><ele>132</ele><time>2024-12-11T08:33:36Z</time><name>49 獅王高繞點-1</name><cmt>2024-12-11T16:33:36+08:00</cmt><desc>49 獅王高繞點-1</desc><src>Hikingbook</src><link href="https://hikingbook.net/hikes/o6EmzSV99TgO8Ii2sRLfJKw"><text>Hikingbook</text></link><extensions><gpxhb:weather>Clear</gpxhb:weather><gpxhb:speed>-1.000000</gpxhb:speed><gpxhb:course>-1.000000</gpxhb:course></extensions></wpt><wpt lat="22.668479999999995" lon="120.72112"><ele>135</ele><time>2024-12-11T08:34:59Z</time><name>50 獅王高繞點-2</name><cmt>2024-12-11T16:34:59+08:00</cmt><desc>50 獅王高繞點-2</desc><src>Hikingbook</src><link href="https://hikingbook.net/hikes/o6EmzSV99TgO8Ii2sRLfJKw"><text>Hikingbook</text></link><extensions><gpxhb:weather>Clear</gpxhb:weather><gpxhb:speed>-1.000000</gpxhb:speed><gpxhb:course>-1.000000</gpxhb:course></extensions></wpt><wpt lat="22.668679999999995" lon="120.72135"><ele>132</ele><time>2024-12-11T08:35:47Z</time><name>51 獅王高繞點-3</name><cmt>2024-12-11T16:35:47+08:00</cmt><desc>51 獅王高繞點-3</desc><src>Hikingbook</src><link href="https://hikingbook.net/hikes/o6EmzSV99TgO8Ii2sRLfJKw"><text>Hikingbook</text></link><extensions><gpxhb:weather>Clear</gpxhb:weather><gpxhb:speed>-1.000000</gpxhb:speed><gpxhb:course>-1.000000</gpxhb:course></extensions></wpt><wpt lat="22.66856" lon="120.72151"><ele>134</ele><time>2024-12-11T08:36:32Z</time><name>52 獅王高繞點-4</name><cmt>2024-12-11T16:36:32+08:00</cmt><desc>52 獅王高繞點-4</desc><src>Hikingbook</src><link href="https://hikingbook.net/hikes/o6EmzSV99TgO8Ii2sRLfJKw"><text>Hikingbook</text></link><extensions><gpxhb:weather>Clear</gpxhb:weather><gpxhb:speed>-1.000000</gpxhb:speed><gpxhb:course>-1.000000</gpxhb:course></extensions></wpt><wpt lat="22.668670000000002" lon="120.72167"><ele>133</ele><time>2024-12-11T08:38:53Z</time><name>53 獅王高繞點-5</name><cmt>2024-12-11T16:38:53+08:00</cmt><desc>53 獅王高繞點-5</desc><src>Hikingbook</src><link href="https://hikingbook.net/hikes/o6EmzSV99TgO8Ii2sRLfJKw"><text>Hikingbook</text></link><extensions><gpxhb:weather>Clear</gpxhb:weather><gpxhb:speed>-1.000000</gpxhb:speed><gpxhb:course>-1.000000</gpxhb:course></extensions></wpt><wpt lat="22.66876" lon="120.72153"><ele>132</ele><time>2024-12-11T08:39:45Z</time><name>54 獅王高繞點-6</name><cmt>2024-12-11T16:39:45+08:00</cmt><desc>54 獅王高繞點-6</desc><src>Hikingbook</src><link href="https://hikingbook.net/hikes/o6EmzSV99TgO8Ii2sRLfJKw"><text>Hikingbook</text></link><extensions><gpxhb:weather>Clear</gpxhb:weather><gpxhb:speed>-1.000000</gpxhb:speed><gpxhb:course>-1.000000</gpxhb:course></extensions></wpt><wpt lat="22.668840000000007" lon="120.72162"><ele>132</ele><time>2024-12-11T08:40:36Z</time><name>55 獅王高繞點-7</name><cmt>2024-12-11T16:40:36+08:00</cmt><desc>55 獅王高繞點-7</desc><src>Hikingbook</src><link href="https://hikingbook.net/hikes/o6EmzSV99TgO8Ii2sRLfJKw"><text>Hikingbook</text></link><extensions><gpxhb:weather>Clear</gpxhb:weather><gpxhb:speed>-1.000000</gpxhb:speed><gpxhb:course>-1.000000</gpxhb:course></extensions></wpt><wpt lat="22.668780118849863" lon="120.72249010205269"><ele>132</ele><time>2024-12-11T08:44:56Z</time><name>56 獅王高繞點-8 （溪降溪谷）</name><cmt>2024-12-11T16:44:56+08:00</cmt><desc>56 獅王高繞點-8 （溪降溪谷）</desc><src>Hikingbook</src><link href="https://hikingbook.net/hikes/o6EmzSV99TgO8Ii2sRLfJKw"><text>Hikingbook</text></link><extensions><gpxhb:weather>Clear</gpxhb:weather><gpxhb:speed>-1.000000</gpxhb:speed><gpxhb:course>-1.000000</gpxhb:course></extensions></wpt><wpt lat="22.668399999999995" lon="120.7228"><ele>132</ele><time>2024-12-11T08:45:40Z</time><name>57 獅王高繞點-9</name><cmt>2024-12-11T16:45:40+08:00</cmt><desc>57 獅王高繞點-9</desc><src>Hikingbook</src><link href="https://hikingbook.net/hikes/o6EmzSV99TgO8Ii2sRLfJKw"><text>Hikingbook</text></link><extensions><gpxhb:weather>Clear</gpxhb:weather><gpxhb:speed>-1.000000</gpxhb:speed><gpxhb:course>-1.000000</gpxhb:course></extensions></wpt><wpt lat="22.668080000000003" lon="120.72296"><ele>132</ele><time>2024-12-11T08:46:33Z</time><name>58 獅王高繞點-10 （下溪谷剛好在第三瀑前面的）</name><cmt>2024-12-11T16:46:33+08:00</cmt><desc>58 獅王高繞點-10 （下溪谷剛好在第三瀑前面的）</desc><src>Hikingbook</src><link href="https://hikingbook.net/hikes/o6EmzSV99TgO8Ii2sRLfJKw"><text>Hikingbook</text></link><extensions><gpxhb:weather>Clear</gpxhb:weather><gpxhb:speed>-1.000000</gpxhb:speed><gpxhb:course>-1.000000</gpxhb:course></extensions></wpt><trk><name>🪢太鼓拉閥斯-草泥馬-無名-獅王(2024-12-8）-「溪降」［🇹🇼屏東-瑪珈］</name><cmt>使用 Hikingbook App 記錄，介面最好用，功能最完整，分享最方便！現已支援 iOS 與 Android 雙平臺。</cmt><desc>使用 Hikingbook App 記錄，介面最好用，功能最完整，分享最方便！現已支援 iOS 與 Android 雙平臺。</desc><src>Hikingbook</src><link href="https://hikingbook.net/hikes/2024-12-8-2024-12-9-%E5%A4%9A%E6%97%A5%E9%87%8D%E8%A3%9D%E7%99%BB%E5%B1%B1-06e15862"><text>Hikingbook</text></link><trkseg><trkpt lat="22.665170545189042" lon="120.71510455132065"><ele>721.5635003893976</ele><time>2024-12-07T23:40:39Z</time><src>Hikingbook</src><extensions><gpxhb:speed>0.000000</gpxhb:speed><gpxhb:course>169.101562</gpxhb:course></extensions></trkpt><trkpt lat="22.664753086346064" lon="120.71503579356802"><ele>712.4771452057954</ele><time>2024-12-07T23:41:34Z</time><src>Hikingbook</src><extensions><gpxhb:speed>1.191923</gpxhb:speed><gpxhb:course>175.151839</gpxhb:course></extensions></trkpt><trkpt lat="22.66428049719354" lon="120.71529869865243"><ele>704.725568216574</ele><time>2024-12-07T23:42:34Z</time><src>Hikingbook</src><extensions><gpxhb:speed>1.303372</gpxhb:speed><gpxhb:course>135.994796</gpxhb:course></extensions></trkpt><trkpt lat="22.66426803278793" lon="120.715316140135"><ele>704.6084105289833</ele><time>2024-12-07T23:42:36Z</time><src>Hikingbook</src><extensions><gpxhb:speed>1.212435</gpxhb:speed><gpxhb:course>125.813225</gpxhb:course></extensions></trkpt><trkpt lat="22.66415765978501" lon="120.71558873074042"><ele>700.3100063920737</ele><time>2024-12-07T23:43:08Z</time><src>Hikingbook</src><extensions><gpxhb:speed>1.039273</gpxhb:speed><gpxhb:course>121.837504</gpxhb:course></extensions></trkpt><trkpt lat="22.663984986702182" lon="120.71570398997531"><ele>700.180905630851</ele><time>2024-12-07T23:43:30Z</time><src>Hikingbook</src><extensions><gpxhb:speed>1.036707</gpxhb:speed><gpxhb:course>141.284956</gpxhb:course></extensions></trkpt><trkpt lat="22.663867845799434" lon="120.71588214768143"><ele>696.8035740478701</ele><time>2024-12-07T23:43:53Z</time><src>Hikingbook</src><extensions><gpxhb:speed>1.256664</gpxhb:speed><gpxhb:course>140.152366</gpxhb:course></extensions></trkpt><trkpt lat="22.66363452093518" lon="120.71600995897654"><ele>694.9532200114573</ele><time>2024-12-07T23:44:21Z</time><src>Hikingbook</src><extensions><gpxhb:speed>0.814123</gpxhb:speed><gpxhb:course>151.757803</gpxhb:course></extensions></trkpt><trkpt lat="22.663628425674162" lon="120.71601441574684"><ele>694.8215405118902</ele><time>2024-12-07T23:44:22Z</time><src>Hikingbook</src><extensions><gpxhb:speed>0.668554</gpxhb:speed><gpxhb:course>145.908384</gpxhb:course></extensions></trkpt><trkpt lat="22.663278971094833" lon="120.71633568983988"><ele>697.0415352988877</ele><time>2024-12-07T23:45:07Z</time><src>Hikingbook</src><extensions><gpxhb:speed>1.305398</gpxhb:speed><gpxhb:course>159.684143</gpxhb:course></extensions></trkpt><trkpt lat="22.662773301460145" lon="120.71636668053819"><ele>693.9309690045912</ele><time>2024-12-07T23:45:55Z</time><src>Hikingbook</src><extensions><gpxhb:speed>1.306860</gpxhb:speed><gpxhb:course>199.681747</gpxhb:course></extensions></trkpt><trkpt lat="22.662764575470923" lon="120.7163629238183"><ele>693.9290629955584</ele><time>2024-12-07T23:45:56Z</time><src>Hikingbook</src><extensions><gpxhb:speed>1.091716</gpxhb:speed><gpxhb:course>199.681747</gpxhb:course></extensions></trkpt><trkpt lat="22.66238037872779" lon="120.71623226082266"><ele>698.4219716189875</ele><time>2024-12-07T23:47:23Z</time><src>Hikingbook</src><extensions><gpxhb:speed>0.877385</gpxhb:speed><gpxhb:course>158.673556</gpxhb:course></extensions></trkpt><trkpt lat="22.66191530215381" lon="120.7167184432581"><ele>694.0489347715579</ele><time>2024-12-07T23:48:33Z</time><src>Hikingbook</src><extensions><gpxhb:speed>1.353104</gpxhb:speed><gpxhb:course>160.031080</gpxhb:course></extensions></trkpt><trkpt lat="22.661903346903603" lon="120.716719582674"><ele>693.9708333309434</ele><time>2024-12-07T23:48:34Z</time><src>Hikingbook</src><extensions><gpxhb:speed>1.339758</gpxhb:speed><gpxhb:course>158.623879</gpxhb:course></extensions></trkpt><trkpt lat="22.66154302903283" lon="120.7177018061254"><ele>680.033101811878</ele><time>2024-12-07T23:50:39Z</time><src>Hikingbook</src><extensions><gpxhb:speed>0.854200</gpxhb:speed><gpxhb:course>115.470195</gpxhb:course></extensions></trkpt><trkpt lat="22.661511740752324" lon="120.71772332805597"><ele>679.7617835609338</ele><time>2024-12-07T23:50:43Z</time><src>Hikingbook</src><extensions><gpxhb:speed>0.877705</gpxhb:speed><gpxhb:course>129.868883</gpxhb:course></extensions></trkpt><trkpt lat="22.66140347311294" lon="120.71788262529259"><ele>677.6025781676237</ele><time>2024-12-07T23:50:58Z</time><src>Hikingbook</src><extensions><gpxhb:speed>1.422974</gpxhb:speed><gpxhb:course>134.461988</gpxhb:course></extensions></trkpt><trkpt lat="22.66125046269091" lon="120.71791817591934"><ele>679.7418057330224</ele><time>2024-12-07T23:51:13Z</time><src>Hikingbook</src><extensions><gpxhb:speed>0.946372</gpxhb:speed><gpxhb:course>164.119235</gpxhb:course></extensions></trkpt><trkpt lat="22.661096644903594" lon="120.71837960376504"><ele>674.0697836781902</ele><time>2024-12-07T23:51:56Z</time><src>Hikingbook</src><extensions><gpxhb:speed>1.274155</gpxhb:speed><gpxhb:course>130.704407</gpxhb:course></extensions></trkpt><trkpt lat="22.66097205077077" lon="120.71850923402219"><ele>671.9623787710857</ele><time>2024-12-07T23:52:12Z</time><src>Hikingbook</src><extensions><gpxhb:speed>1.459237</gpxhb:speed><gpxhb:course>140.287903</gpxhb:course></extensions></trkpt><trkpt lat="22.660960736542073" lon="120.71852054034647"><ele>671.9681215233461</ele><time>2024-12-07T23:52:13Z</time><src>Hikingbook</src><extensions><gpxhb:speed>1.667976</gpxhb:speed><gpxhb:course>140.287903</gpxhb:course></extensions></trkpt><trkpt lat="22.66056905875374" lon="120.71879292417239"><ele>668.9122024796219</ele><time>2024-12-07T23:53:00Z</time><src>Hikingbook</src><extensions><gpxhb:speed>1.231946</gpxhb:speed><gpxhb:course>145.014585</gpxhb:course></extensions></trkpt><trkpt lat="22.660394056711873" lon="120.71880763700993"><ele>668.360889103997</ele><time>2024-12-07T23:53:15Z</time><src>Hikingbook</src><extensions><gpxhb:speed>1.486026</gpxhb:speed><gpxhb:course>175.776786</gpxhb:course></extensions></trkpt><trkpt lat="22.66048825417282" lon="120.71888025629208"><ele>665.4506574607423</ele><time>2024-12-07T23:53:36Z</time><src>Hikingbook</src><extensions><gpxhb:speed>0.382322</gpxhb:speed><gpxhb:course>101.267209</gpxhb:course></extensions></trkpt><trkpt lat="22.660831332201422" lon="120.71883751350313"><ele>659.3781123757511</ele><time>2024-12-07T23:54:10Z</time><src>Hikingbook</src><extensions><gpxhb:speed>0.757315</gpxhb:speed><gpxhb:course>334.884474</gpxhb:course></extensions></trkpt><trkpt lat="22.661198403576332" lon="120.71855994572945"><ele>653.7621757201139</ele><time>2024-12-07T23:54:54Z</time><src>Hikingbook</src><extensions><gpxhb:speed>1.082463</gpxhb:speed><gpxhb:course>326.959191</gpxhb:course></extensions></trkpt><trkpt lat="22.660982100492568" lon="120.71912426728993"><ele>643.2536416903656</ele><time>2024-12-07T23:55:56Z</time><src>Hikingbook</src><extensions><gpxhb:speed>1.276383</gpxhb:speed><gpxhb:course>118.690608</gpxhb:course></extensions></trkpt><trkpt lat="22.66063987376296" lon="120.719210509828"><ele>638.0985473948889</ele><time>2024-12-07T23:56:32Z</time><src>Hikingbook</src><extensions><gpxhb:speed>1.071718</gpxhb:speed><gpxhb:course>174.422941</gpxhb:course></extensions></trkpt><trkpt lat="22.660435035229327" lon="120.71932554601358"><ele>637.7979025112842</ele><time>2024-12-07T23:56:56Z</time><src>Hikingbook</src><extensions><gpxhb:speed>0.937010</gpxhb:speed><gpxhb:course>142.375611</gpxhb:course></extensions></trkpt><trkpt lat="22.660427898662974" lon="120.7193311121337"><ele>637.608357138351</ele><time>2024-12-07T23:56:57Z</time><src>Hikingbook</src><extensions><gpxhb:speed>0.991290</gpxhb:speed><gpxhb:course>146.814651</gpxhb:course></extensions></trkpt><trkpt lat="22.6601159641753" lon="120.71939524707685"><ele>631.1374839784268</ele><time>2024-12-07T23:57:28Z</time><src>Hikingbook</src><extensions><gpxhb:speed>1.025911</gpxhb:speed><gpxhb:course>167.591533</gpxhb:course></extensions></trkpt><trkpt lat="22.660304654344344" lon="120.7195300619269"><ele>623.7921096081789</ele><time>2024-12-07T23:57:57Z</time><src>Hikingbook</src><extensions><gpxhb:speed>0.808691</gpxhb:speed><gpxhb:course>17.064929</gpxhb:course></extensions></trkpt><trkpt lat="22.66065755981271" lon="120.71942776911847"><ele>619.51588338734</ele><time>2024-12-07T23:58:35Z</time><src>Hikingbook</src><extensions><gpxhb:speed>1.013646</gpxhb:speed><gpxhb:course>336.229099</gpxhb:course></extensions></trkpt><trkpt lat="22.660349840826576" lon="120.71968559439532"><ele>614.1528384671052</ele><time>2024-12-07T23:59:11Z</time><src>Hikingbook</src><extensions><gpxhb:speed>1.112980</gpxhb:speed><gpxhb:course>143.714865</gpxhb:course></extensions></trkpt><trkpt lat="22.660014489022185" lon="120.71974656321001"><ele>610.3717211653658</ele><time>2024-12-07T23:59:40Z</time><src>Hikingbook</src><extensions><gpxhb:speed>1.496537</gpxhb:speed><gpxhb:course>172.389556</gpxhb:course></extensions></trkpt><trkpt lat="22.659773643009707" lon="120.71965020378752"><ele>614.4989008833129</ele><time>2024-12-08T00:00:02Z</time><src>Hikingbook</src><extensions><gpxhb:speed>1.265638</gpxhb:speed><gpxhb:course>169.069946</gpxhb:course></extensions></trkpt><trkpt lat="22.659609255179678" lon="120.71976417104136"><ele>613.7442093326467</ele><time>2024-12-08T00:00:19Z</time><src>Hikingbook</src><extensions><gpxhb:speed>1.287623</gpxhb:speed><gpxhb:course>132.050751</gpxhb:course></extensions></trkpt><trkpt lat="22.65960323362272" lon="120.7197744035923"><ele>613.5650244802638</ele><time>2024-12-08T00:00:20Z</time><src>Hikingbook</src><extensions><gpxhb:speed>1.102197</gpxhb:speed><gpxhb:course>132.050751</gpxhb:course></extensions></trkpt><trkpt lat="22.65941787648712" lon="120.71994174028485"><ele>605.9693504768063</ele><time>2024-12-08T00:00:46Z</time><src>Hikingbook</src><extensions><gpxhb:speed>1.123469</gpxhb:speed><gpxhb:course>169.453613</gpxhb:course></extensions></trkpt><trkpt lat="22.659091233540153" lon="120.71986249130286"><ele>599.2515241942966</ele><time>2024-12-08T00:01:17Z</time><src>Hikingbook</src><extensions><gpxhb:speed>0.969845</gpxhb:speed><gpxhb:course>195.561632</gpxhb:course></extensions></trkpt><trkpt lat="22.658934777069035" lon="120.71972988735686"><ele>593.8149474081955</ele><time>2024-12-08T00:01:39Z</time><src>Hikingbook</src><extensions><gpxhb:speed>1.096354</gpxhb:speed><gpxhb:course>206.729309</gpxhb:course></extensions></trkpt><trkpt lat="22.658683399383218" lon="120.71973401714773"><ele>592.3484182856636</ele><time>2024-12-08T00:02:08Z</time><src>Hikingbook</src><extensions><gpxhb:speed>1.214199</gpxhb:speed><gpxhb:course>166.148621</gpxhb:course></extensions></trkpt><trkpt lat="22.658672016956892" lon="120.71973371027713"><ele>592.2425267092291</ele><time>2024-12-08T00:02:09Z</time><src>Hikingbook</src><extensions><gpxhb:speed>1.217702</gpxhb:speed><gpxhb:course>190.084232</gpxhb:course></extensions></trkpt><trkpt lat="22.658173073027378" lon="120.7199024672195"><ele>590.8041969904708</ele><time>2024-12-08T00:03:00Z</time><src>Hikingbook</src><extensions><gpxhb:speed>0.927666</gpxhb:speed><gpxhb:course>161.346515</gpxhb:course></extensions></trkpt><trkpt lat="22.657920230956286" lon="120.72005305284557"><ele>589.7500442215174</ele><time>2024-12-08T00:03:41Z</time><src>Hikingbook</src><extensions><gpxhb:speed>0.717498</gpxhb:speed><gpxhb:course>147.423044</gpxhb:course></extensions></trkpt><trkpt lat="22.657828864381603" lon="120.7201893485347"><ele>584.4374133218973</ele><time>2024-12-08T00:04:03Z</time><src>Hikingbook</src><extensions><gpxhb:speed>1.028019</gpxhb:speed><gpxhb:course>128.923025</gpxhb:course></extensions></trkpt><trkpt lat="22.657823858682015" lon="120.7201987094841"><ele>584.2180624271001</ele><time>2024-12-08T00:04:04Z</time><src>Hikingbook</src><extensions><gpxhb:speed>1.124981</gpxhb:speed><gpxhb:course>123.748987</gpxhb:course></extensions></trkpt><trkpt lat="22.657760913134986" lon="120.7203259662652"><ele>578.325561534771</ele><time>2024-12-08T00:04:21Z</time><src>Hikingbook</src><extensions><gpxhb:speed>0.675748</gpxhb:speed><gpxhb:course>86.955767</gpxhb:course></extensions></trkpt><trkpt lat="22.65769154561426" lon="120.72024091687396"><ele>576.2968940806969</ele><time>2024-12-08T00:04:52Z</time><src>Hikingbook</src><extensions><gpxhb:speed>0.195464</gpxhb:speed><gpxhb:course>87.178018</gpxhb:course></extensions></trkpt><trkpt lat="22.6574424641567" lon="120.72021121467621"><ele>581.7352046963624</ele><time>2024-12-08T00:05:14Z</time><src>Hikingbook</src><extensions><gpxhb:speed>1.121668</gpxhb:speed><gpxhb:course>188.892108</gpxhb:course></extensions></trkpt><trkpt lat="22.65731833613679" lon="120.72008692809945"><ele>579.0136568081708</ele><time>2024-12-08T00:05:29Z</time><src>Hikingbook</src><extensions><gpxhb:speed>1.170558</gpxhb:speed><gpxhb:course>189.183502</gpxhb:course></extensions></trkpt><trkpt lat="22.657212751985583" lon="120.72008218969277"><ele>575.1709468070869</ele><time>2024-12-08T00:05:47Z</time><src>Hikingbook</src><extensions><gpxhb:speed>0.000000</gpxhb:speed><gpxhb:course>145.249695</gpxhb:course></extensions></trkpt><trkpt lat="22.65699562036516" lon="120.72026546694848"><ele>576.3360321755484</ele><time>2024-12-08T00:06:16Z</time><src>Hikingbook</src><extensions><gpxhb:speed>0.439947</gpxhb:speed><gpxhb:course>-1.000000</gpxhb:course></extensions></trkpt><trkpt lat="22.657256118252807" lon="120.72056140004014"><ele>566.8189135682417</ele><time>2024-12-08T00:07:33Z</time><src>Hikingbook</src><extensions><gpxhb:speed>0.310425</gpxhb:speed><gpxhb:course>6.310634</gpxhb:course></extensions></trkpt><trkpt lat="22.657422703215545" lon="120.72057659249042"><ele>566.0033406779837</ele><time>2024-12-08T00:08:24Z</time><src>Hikingbook</src><extensions><gpxhb:speed>0.499375</gpxhb:speed><gpxhb:course>358.092296</gpxhb:course></extensions></trkpt><trkpt lat="22.65757920747862" lon="120.72068562754045"><ele>564.7574367251385</ele><time>2024-12-08T00:08:46Z</time><src>Hikingbook</src><extensions><gpxhb:speed>0.974749</gpxhb:speed><gpxhb:course>41.454958</gpxhb:course></extensions></trkpt><trkpt lat="22.65760471059506" lon="120.72080874927785"><ele>563.1942270688188</ele><time>2024-12-08T00:09:16Z</time><src>Hikingbook</src><extensions><gpxhb:speed>0.646627</gpxhb:speed><gpxhb:course>80.688739</gpxhb:course></extensions></trkpt></trkseg><trkseg><trkpt lat="22.65760471059506" lon="120.72080874927785"><ele>563.1942270688188</ele><time>2024-12-08T00:28:15Z</time><src>Hikingbook</src><extensions><gpxhb:speed>0.646627</gpxhb:speed><gpxhb:course>80.688739</gpxhb:course></extensions></trkpt><trkpt lat="22.657875732604726" lon="120.72128317022326"><ele>563.1049791822677</ele><time>2024-12-08T00:28:17Z</time><src>Hikingbook</src><extensions><gpxhb:speed>0.000000</gpxhb:speed><gpxhb:course>-1.000000</gpxhb:course></extensions></trkpt><trkpt lat="22.65804666019905" lon="120.72126715049643"><ele>555.4965241942541</ele><time>2024-12-08T00:28:34Z</time><src>Hikingbook</src><extensions><gpxhb:speed>0.000000</gpxhb:speed><gpxhb:course>-1.000000</gpxhb:course></extensions></trkpt></trkseg><trkseg><trkpt lat="22.65804666019905" lon="120.72126715049643"><ele>555.4965241942541</ele><time>2024-12-08T01:22:43Z</time><src>Hikingbook</src><extensions><gpxhb:speed>0.000000</gpxhb:speed><gpxhb:course>-1.000000</gpxhb:course></extensions></trkpt><trkpt lat="22.658424998074132" lon="120.7214071645833"><ele>508.0926073650582</ele><time>2024-12-08T01:23:01Z</time><src>Hikingbook</src><extensions><gpxhb:speed>0.000000</gpxhb:speed><gpxhb:course>-1.000000</gpxhb:course></extensions></trkpt></trkseg><trkseg><trkpt lat="22.65856322741986" lon="120.72155989102882"><ele>500.33274298402847</ele><time>2024-12-08T01:30:45Z</time><src>Hikingbook</src><extensions><gpxhb:speed>0.600000</gpxhb:speed><gpxhb:course>95.625002</gpxhb:course></extensions></trkpt><trkpt lat="22.658464277582596" lon="120.72144794856814"><ele>502.45900449662173</ele><time>2024-12-08T01:31:09Z</time><src>Hikingbook</src><extensions><gpxhb:speed>1.170000</gpxhb:speed><gpxhb:course>198.281249</gpxhb:course></extensions></trkpt><trkpt lat="22.65838951241959" lon="120.7215193203871"><ele>502.7517808523391</ele><time>2024-12-08T01:31:25Z</time><src>Hikingbook</src><extensions><gpxhb:speed>0.105211</gpxhb:speed><gpxhb:course>173.386792</gpxhb:course></extensions></trkpt><trkpt lat="22.658621126226482" lon="120.72162986283249"><ele>529.8341112386746</ele><time>2024-12-08T01:32:19Z</time><src>Hikingbook</src><extensions><gpxhb:speed>0.253369</gpxhb:speed><gpxhb:course>17.962798</gpxhb:course></extensions></trkpt><trkpt lat="22.6587409987567" lon="120.72160608644893"><ele>538.0892244115988</ele><time>2024-12-08T01:33:27Z</time><src>Hikingbook</src><extensions><gpxhb:speed>0.923523</gpxhb:speed><gpxhb:course>-1.000000</gpxhb:course></extensions></trkpt><trkpt lat="22.658817015367283" lon="120.72174489418244"><ele>522.1787909448767</ele><time>2024-12-08T01:33:47Z</time><src>Hikingbook</src><extensions><gpxhb:speed>0.675805</gpxhb:speed><gpxhb:course>46.154446</gpxhb:course></extensions></trkpt><trkpt lat="22.659163003620325" lon="120.72175998631066"><ele>521.8813730154518</ele><time>2024-12-08T01:34:53Z</time><src>Hikingbook</src><extensions><gpxhb:speed>0.083091</gpxhb:speed><gpxhb:course>252.196542</gpxhb:course></extensions></trkpt><trkpt lat="22.65920877453674" lon="120.72175243069611"><ele>518.9688733741937</ele><time>2024-12-08T01:35:02Z</time><src>Hikingbook</src><extensions><gpxhb:speed>0.738471</gpxhb:speed><gpxhb:course>319.029883</gpxhb:course></extensions></trkpt><trkpt lat="22.65925779845691" lon="120.72166538503926"><ele>519.5478295173484</ele><time>2024-12-08T01:35:28Z</time><src>Hikingbook</src><extensions><gpxhb:speed>0.376584</gpxhb:speed><gpxhb:course>301.264010</gpxhb:course></extensions></trkpt><trkpt lat="22.659432285398836" lon="120.72168380651117"><ele>522.0861681780606</ele><time>2024-12-08T01:36:13Z</time><src>Hikingbook</src><extensions><gpxhb:speed>0.000000</gpxhb:speed><gpxhb:course>301.483727</gpxhb:course></extensions></trkpt><trkpt lat="22.659442689575922" lon="120.72159680431716"><ele>522.6479202625765</ele><time>2024-12-08T01:36:28Z</time><src>Hikingbook</src><extensions><gpxhb:speed>0.858115</gpxhb:speed><gpxhb:course>313.163073</gpxhb:course></extensions></trkpt><trkpt lat="22.659682665808457" lon="120.72168296421607"><ele>517.0606120877422</ele><time>2024-12-08T01:37:24Z</time><src>Hikingbook</src><extensions><gpxhb:speed>0.679144</gpxhb:speed><gpxhb:course>342.532910</gpxhb:course></extensions></trkpt><trkpt lat="22.65977205506523" lon="120.72163003452535"><ele>518.7528063658182</ele><time>2024-12-08T01:38:15Z</time><src>Hikingbook</src><extensions><gpxhb:speed>0.692449</gpxhb:speed><gpxhb:course>224.486464</gpxhb:course></extensions></trkpt><trkpt lat="22.660197488883664" lon="120.72164441144321"><ele>522.5420718951982</ele><time>2024-12-08T01:39:38Z</time><src>Hikingbook</src><extensions><gpxhb:speed>0.474633</gpxhb:speed><gpxhb:course>327.964050</gpxhb:course></extensions></trkpt><trkpt lat="22.66020475646433" lon="120.72148183325018"><ele>520.0834804732524</ele><time>2024-12-08T01:39:54Z</time><src>Hikingbook</src><extensions><gpxhb:speed>0.426362</gpxhb:speed><gpxhb:course>285.358211</gpxhb:course></extensions></trkpt><trkpt lat="22.66027198185602" lon="120.72144206764528"><ele>521.2926043655983</ele><time>2024-12-08T01:40:12Z</time><src>Hikingbook</src><extensions><gpxhb:speed>0.074607</gpxhb:speed><gpxhb:course>305.665941</gpxhb:course></extensions></trkpt><trkpt lat="22.660430310604536" lon="120.72153883047339"><ele>524.8641800040272</ele><time>2024-12-08T01:40:33Z</time><src>Hikingbook</src><extensions><gpxhb:speed>0.487083</gpxhb:speed><gpxhb:course>44.105925</gpxhb:course></extensions></trkpt><trkpt lat="22.660470036626762" lon="120.72147972909292"><ele>525.1995715115816</ele><time>2024-12-08T01:40:51Z</time><src>Hikingbook</src><extensions><gpxhb:speed>0.808778</gpxhb:speed><gpxhb:course>259.552367</gpxhb:course></extensions></trkpt><trkpt lat="22.660395899582124" lon="120.72132344899505"><ele>521.197004825699</ele><time>2024-12-08T01:41:14Z</time><src>Hikingbook</src><extensions><gpxhb:speed>0.860678</gpxhb:speed><gpxhb:course>267.308830</gpxhb:course></extensions></trkpt><trkpt lat="22.660645440393292" lon="120.72131074884206"><ele>520.2756900265263</ele><time>2024-12-08T01:42:02Z</time><src>Hikingbook</src><extensions><gpxhb:speed>0.000000</gpxhb:speed><gpxhb:course>22.652398</gpxhb:course></extensions></trkpt><trkpt lat="22.66072740129003" lon="120.72108786176337"><ele>520.7848646751958</ele><time>2024-12-08T01:43:01Z</time><src>Hikingbook</src><extensions><gpxhb:speed>1.260292</gpxhb:speed><gpxhb:course>249.189675</gpxhb:course></extensions></trkpt><trkpt lat="22.660945622960455" lon="120.72108397740973"><ele>520.4889777138427</ele><time>2024-12-08T01:43:34Z</time><src>Hikingbook</src><extensions><gpxhb:speed>0.816583</gpxhb:speed><gpxhb:course>340.536497</gpxhb:course></extensions></trkpt><trkpt lat="22.66101024220294" lon="120.72100081928347"><ele>520.4397514852385</ele><time>2024-12-08T01:43:52Z</time><src>Hikingbook</src><extensions><gpxhb:speed>0.629386</gpxhb:speed><gpxhb:course>289.596844</gpxhb:course></extensions></trkpt><trkpt lat="22.66101351548302" lon="120.72099536664133"><ele>520.4354479831724</ele><time>2024-12-08T01:43:53Z</time><src>Hikingbook</src><extensions><gpxhb:speed>0.594627</gpxhb:speed><gpxhb:course>296.636820</gpxhb:course></extensions></trkpt><trkpt lat="22.660995207586907" lon="120.72088784040803"><ele>516.8664647799593</ele><time>2024-12-08T01:44:10Z</time><src>Hikingbook</src><extensions><gpxhb:speed>1.110258</gpxhb:speed><gpxhb:course>249.999091</gpxhb:course></extensions></trkpt><trkpt lat="22.66115155992235" lon="120.72078175705253"><ele>519.4276090951488</ele><time>2024-12-08T01:45:14Z</time><src>Hikingbook</src><extensions><gpxhb:speed>0.103081</gpxhb:speed><gpxhb:course>1.356767</gpxhb:course></extensions></trkpt></trkseg><trkseg><trkpt lat="22.66115155992235" lon="120.72078175705253"><ele>519.4276090951488</ele><time>2024-12-08T03:01:46Z</time><src>Hikingbook</src><extensions><gpxhb:speed>0.103081</gpxhb:speed><gpxhb:course>1.356767</gpxhb:course></extensions></trkpt></trkseg><trkseg><trkpt lat="22.66115155992235" lon="120.72078175705253"><ele>519.4276090951488</ele><time>2024-12-08T03:36:28Z</time><src>Hikingbook</src><extensions><gpxhb:speed>0.103081</gpxhb:speed><gpxhb:course>1.356767</gpxhb:course></extensions></trkpt><trkpt lat="22.66253540631779" lon="120.7203395223181"><ele>515.0401175366171</ele><time>2024-12-08T03:40:33Z</time><src>Hikingbook</src><extensions><gpxhb:speed>0.000000</gpxhb:speed><gpxhb:course>-1.000000</gpxhb:course></extensions></trkpt><trkpt lat="22.662561700569235" lon="120.72032037238563"><ele>503.8916127126988</ele><time>2024-12-08T03:40:36Z</time><src>Hikingbook</src><extensions><gpxhb:speed>0.290000</gpxhb:speed><gpxhb:course>3.515625</gpxhb:course></extensions></trkpt><trkpt lat="22.662542591391812" lon="120.72024420234237"><ele>480.9581131012172</ele><time>2024-12-08T03:40:51Z</time><src>Hikingbook</src><extensions><gpxhb:speed>0.000000</gpxhb:speed><gpxhb:course>-1.000000</gpxhb:course></extensions></trkpt><trkpt lat="22.662667498358697" lon="120.72002622593382"><ele>514.3825479808538</ele><time>2024-12-08T03:41:54Z</time><src>Hikingbook</src><extensions><gpxhb:speed>0.722024</gpxhb:speed><gpxhb:course>-1.000000</gpxhb:course></extensions></trkpt><trkpt lat="22.662951898901394" lon="120.72009695555644"><ele>511.67715720618753</ele><time>2024-12-08T03:42:45Z</time><src>Hikingbook</src><extensions><gpxhb:speed>0.763582</gpxhb:speed><gpxhb:course>354.167777</gpxhb:course></extensions></trkpt><trkpt lat="22.662931834536742" lon="120.72003397110156"><ele>524.400330580804</ele><time>2024-12-08T03:43:02Z</time><src>Hikingbook</src><extensions><gpxhb:speed>0.000000</gpxhb:speed><gpxhb:course>-1.000000</gpxhb:course></extensions></trkpt><trkpt lat="22.66300264167367" lon="120.72000443719897"><ele>524.5479251396855</ele><time>2024-12-08T03:43:23Z</time><src>Hikingbook</src><extensions><gpxhb:speed>1.120504</gpxhb:speed><gpxhb:course>355.758428</gpxhb:course></extensions></trkpt><trkpt lat="22.66312499178336" lon="120.72015201038303"><ele>519.1800293405646</ele><time>2024-12-08T03:43:41Z</time><src>Hikingbook</src><extensions><gpxhb:speed>0.394799</gpxhb:speed><gpxhb:course>0.832326</gpxhb:course></extensions></trkpt><trkpt lat="22.663196880774233" lon="120.72015756244079"><ele>517.280858003234</ele><time>2024-12-08T03:43:57Z</time><src>Hikingbook</src><extensions><gpxhb:speed>0.287775</gpxhb:speed><gpxhb:course>357.274771</gpxhb:course></extensions></trkpt><trkpt lat="22.663241293413492" lon="120.72006827342163"><ele>517.894411228537</ele><time>2024-12-08T03:44:13Z</time><src>Hikingbook</src><extensions><gpxhb:speed>0.865396</gpxhb:speed><gpxhb:course>324.515302</gpxhb:course></extensions></trkpt><trkpt lat="22.66338767668553" lon="120.72011139821863"><ele>519.4861264742801</ele><time>2024-12-08T03:44:29Z</time><src>Hikingbook</src><extensions><gpxhb:speed>0.168448</gpxhb:speed><gpxhb:course>60.314453</gpxhb:course></extensions></trkpt><trkpt lat="22.663398593982276" lon="120.7200158202072"><ele>517.1422390705185</ele><time>2024-12-08T03:44:46Z</time><src>Hikingbook</src><extensions><gpxhb:speed>0.094475</gpxhb:speed><gpxhb:course>-1.000000</gpxhb:course></extensions></trkpt><trkpt lat="22.663493351968725" lon="120.7200856948785"><ele>514.8456523536165</ele><time>2024-12-08T03:45:12Z</time><src>Hikingbook</src><extensions><gpxhb:speed>0.027514</gpxhb:speed><gpxhb:course>-1.000000</gpxhb:course></extensions></trkpt><trkpt lat="22.663596571010018" lon="120.72004951399187"><ele>515.9526050504</ele><time>2024-12-08T03:45:28Z</time><src>Hikingbook</src><extensions><gpxhb:speed>0.383847</gpxhb:speed><gpxhb:course>335.472233</gpxhb:course></extensions></trkpt><trkpt lat="22.663607409201045" lon="120.72004029469474"><ele>516.0314150518144</ele><time>2024-12-08T03:45:29Z</time><src>Hikingbook</src><extensions><gpxhb:speed>0.675913</gpxhb:speed><gpxhb:course>335.472230</gpxhb:course></extensions></trkpt><trkpt lat="22.66379866040192" lon="120.71961012651926"><ele>538.7075204487846</ele><time>2024-12-08T03:46:23Z</time><src>Hikingbook</src><extensions><gpxhb:speed>1.364136</gpxhb:speed><gpxhb:course>-1.000000</gpxhb:course></extensions></trkpt></trkseg><trkseg><trkpt lat="22.66379866040192" lon="120.71961012651926"><ele>538.7075204487846</ele><time>2024-12-08T03:47:44Z</time><src>Hikingbook</src><extensions><gpxhb:speed>1.364136</gpxhb:speed><gpxhb:course>-1.000000</gpxhb:course></extensions></trkpt><trkpt lat="22.663798117417258" lon="120.71993108911447"><ele>508.18335973233263</ele><time>2024-12-08T03:47:46Z</time><src>Hikingbook</src><extensions><gpxhb:speed>0.000000</gpxhb:speed><gpxhb:course>-1.000000</gpxhb:course></extensions></trkpt><trkpt lat="22.66392207312622" lon="120.71990344649222"><ele>516.964004088913</ele><time>2024-12-08T03:48:04Z</time><src>Hikingbook</src><extensions><gpxhb:speed>0.566582</gpxhb:speed><gpxhb:course>325.612957</gpxhb:course></extensions></trkpt><trkpt lat="22.663895880651747" lon="120.71982485585603"><ele>527.9923971045744</ele><time>2024-12-08T03:48:20Z</time><src>Hikingbook</src><extensions><gpxhb:speed>0.388100</gpxhb:speed><gpxhb:course>-1.000000</gpxhb:course></extensions></trkpt><trkpt lat="22.663962047432072" lon="120.71980298789133"><ele>517.1812549933084</ele><time>2024-12-08T03:48:51Z</time><src>Hikingbook</src><extensions><gpxhb:speed>0.109996</gpxhb:speed><gpxhb:course>-1.000000</gpxhb:course></extensions></trkpt><trkpt lat="22.66390580028504" lon="120.71977706760838"><ele>514.4211237436241</ele><time>2024-12-08T03:49:25Z</time><src>Hikingbook</src><extensions><gpxhb:speed>0.000000</gpxhb:speed><gpxhb:course>222.268082</gpxhb:course></extensions></trkpt><trkpt lat="22.663875678754962" lon="120.71977747663358"><ele>513.6456553264941</ele><time>2024-12-08T03:49:46Z</time><src>Hikingbook</src><extensions><gpxhb:speed>0.000000</gpxhb:speed><gpxhb:course>315.351562</gpxhb:course></extensions></trkpt><trkpt lat="22.663878087607035" lon="120.71970156824626"><ele>486.4160217501636</ele><time>2024-12-08T03:50:02Z</time><src>Hikingbook</src><extensions><gpxhb:speed>0.630000</gpxhb:speed><gpxhb:course>236.953123</gpxhb:course></extensions></trkpt><trkpt lat="22.66392459785135" lon="120.71976613314219"><ele>484.4432539141717</ele><time>2024-12-08T03:50:18Z</time><src>Hikingbook</src><extensions><gpxhb:speed>0.230000</gpxhb:speed><gpxhb:course>-1.000000</gpxhb:course></extensions></trkpt><trkpt lat="22.663870558701827" lon="120.7196724473392"><ele>461.05390940669247</ele><time>2024-12-08T03:50:36Z</time><src>Hikingbook</src><extensions><gpxhb:speed>0.316017</gpxhb:speed><gpxhb:course>-1.000000</gpxhb:course></extensions></trkpt><trkpt lat="22.663892285753345" lon="120.719678057698"><ele>473.1779323087868</ele><time>2024-12-08T03:51:19Z</time><src>Hikingbook</src><extensions><gpxhb:speed>0.052292</gpxhb:speed><gpxhb:course>-1.000000</gpxhb:course></extensions></trkpt><trkpt lat="22.66393950627553" lon="120.71982564054201"><ele>454.5652044495343</ele><time>2024-12-08T03:51:44Z</time><src>Hikingbook</src><extensions><gpxhb:speed>0.782821</gpxhb:speed><gpxhb:course>29.415086</gpxhb:course></extensions></trkpt><trkpt lat="22.66409081570368" lon="120.71988813168615"><ele>485.7731301003123</ele><time>2024-12-08T03:52:23Z</time><src>Hikingbook</src><extensions><gpxhb:speed>0.170000</gpxhb:speed><gpxhb:course>36.562500</gpxhb:course></extensions></trkpt><trkpt lat="22.66408865432627" lon="120.71973366139667"><ele>513.1357704632233</ele><time>2024-12-08T03:52:39Z</time><src>Hikingbook</src><extensions><gpxhb:speed>2.380564</gpxhb:speed><gpxhb:course>-1.000000</gpxhb:course></extensions></trkpt><trkpt lat="22.664494227577656" lon="120.7198432749448"><ele>513.640173051571</ele><time>2024-12-08T03:54:42Z</time><src>Hikingbook</src><extensions><gpxhb:speed>0.989153</gpxhb:speed><gpxhb:course>351.754463</gpxhb:course></extensions></trkpt><trkpt lat="22.66463859406884" lon="120.71995688986507"><ele>522.8075758139984</ele><time>2024-12-08T03:54:57Z</time><src>Hikingbook</src><extensions><gpxhb:speed>1.125580</gpxhb:speed><gpxhb:course>48.511025</gpxhb:course></extensions></trkpt></trkseg><trkseg><trkpt lat="22.66463859406884" lon="120.71995688986507"><ele>522.8075758139984</ele><time>2024-12-08T03:56:40Z</time><src>Hikingbook</src><extensions><gpxhb:speed>1.125580</gpxhb:speed><gpxhb:course>48.511025</gpxhb:course></extensions></trkpt><trkpt lat="22.664550707328186" lon="120.71991528592228"><ele>474.7083325840656</ele><time>2024-12-08T03:56:42Z</time><src>Hikingbook</src><extensions><gpxhb:speed>0.058412</gpxhb:speed><gpxhb:course>73.871887</gpxhb:course></extensions></trkpt><trkpt lat="22.66452799322914" lon="120.71999263455803"><ele>476.59954792422957</ele><time>2024-12-08T03:56:58Z</time><src>Hikingbook</src><extensions><gpxhb:speed>0.267711</gpxhb:speed><gpxhb:course>31.714810</gpxhb:course></extensions></trkpt><trkpt lat="22.664672969286553" lon="120.72010083280448"><ele>516.395992937624</ele><time>2024-12-08T03:57:49Z</time><src>Hikingbook</src><extensions><gpxhb:speed>0.336232</gpxhb:speed><gpxhb:course>18.640276</gpxhb:course></extensions></trkpt><trkpt lat="22.664781507273638" lon="120.71996126957615"><ele>518.5816905655678</ele><time>2024-12-08T03:58:08Z</time><src>Hikingbook</src><extensions><gpxhb:speed>0.229406</gpxhb:speed><gpxhb:course>35.728515</gpxhb:course></extensions></trkpt></trkseg><trkseg><trkpt lat="22.664781507273638" lon="120.71996126957615"><ele>518.5816905655678</ele><time>2024-12-08T04:06:34Z</time><src>Hikingbook</src><extensions><gpxhb:speed>0.229406</gpxhb:speed><gpxhb:course>35.728515</gpxhb:course></extensions></trkpt><trkpt lat="22.664800577011842" lon="120.7202045784384"><ele>488.3603221056158</ele><time>2024-12-08T04:06:36Z</time><src>Hikingbook</src><extensions><gpxhb:speed>0.000000</gpxhb:speed><gpxhb:course>-1.000000</gpxhb:course></extensions></trkpt></trkseg><trkseg><trkpt lat="22.66480090976432" lon="120.72020701353684"><ele>500.03496892338393</ele><time>2024-12-08T04:13:06Z</time><src>Hikingbook</src><extensions><gpxhb:speed>0.000000</gpxhb:speed><gpxhb:course>-1.000000</gpxhb:course></extensions></trkpt><trkpt lat="22.664960966687" lon="120.72007391842023"><ele>482.2278548346311</ele><time>2024-12-08T04:13:08Z</time><src>Hikingbook</src><extensions><gpxhb:speed>0.000000</gpxhb:speed><gpxhb:course>165.234375</gpxhb:course></extensions></trkpt><trkpt lat="22.665001586039548" lon="120.72010080238583"><ele>477.1308010525555</ele><time>2024-12-08T04:13:26Z</time><src>Hikingbook</src><extensions><gpxhb:speed>0.730000</gpxhb:speed><gpxhb:course>57.304690</gpxhb:course></extensions></trkpt><trkpt lat="22.664931102705257" lon="120.72016290241054"><ele>505.72203989482364</ele><time>2024-12-08T04:13:42Z</time><src>Hikingbook</src><extensions><gpxhb:speed>0.306463</gpxhb:speed><gpxhb:course>-1.000000</gpxhb:course></extensions></trkpt><trkpt lat="22.664970351656425" lon="120.72025011081097"><ele>510.17187351711846</ele><time>2024-12-08T04:13:58Z</time><src>Hikingbook</src><extensions><gpxhb:speed>0.592186</gpxhb:speed><gpxhb:course>296.916318</gpxhb:course></extensions></trkpt><trkpt lat="22.66516583875798" lon="120.72024441137954"><ele>506.6246898080983</ele><time>2024-12-08T04:14:31Z</time><src>Hikingbook</src><extensions><gpxhb:speed>0.727989</gpxhb:speed><gpxhb:course>350.155218</gpxhb:course></extensions></trkpt><trkpt lat="22.665269872053898" lon="120.72031529674574"><ele>504.2126748394299</ele><time>2024-12-08T04:14:50Z</time><src>Hikingbook</src><extensions><gpxhb:speed>0.113675</gpxhb:speed><gpxhb:course>346.875348</gpxhb:course></extensions></trkpt><trkpt lat="22.665289878010398" lon="120.72060930944086"><ele>497.07835804132225</ele><time>2024-12-08T04:15:39Z</time><src>Hikingbook</src><extensions><gpxhb:speed>0.384801</gpxhb:speed><gpxhb:course>55.521887</gpxhb:course></extensions></trkpt><trkpt lat="22.665448110911264" lon="120.72050119911817"><ele>491.83890088856464</ele><time>2024-12-08T04:16:28Z</time><src>Hikingbook</src><extensions><gpxhb:speed>0.019119</gpxhb:speed><gpxhb:course>129.070682</gpxhb:course></extensions></trkpt><trkpt lat="22.665505771316116" lon="120.72057351480014"><ele>488.36264867096315</ele><time>2024-12-08T04:17:03Z</time><src>Hikingbook</src><extensions><gpxhb:speed>0.234464</gpxhb:speed><gpxhb:course>37.179219</gpxhb:course></extensions></trkpt><trkpt lat="22.665421464911415" lon="120.7206958603628"><ele>479.5783542960887</ele><time>2024-12-08T04:17:23Z</time><src>Hikingbook</src><extensions><gpxhb:speed>0.000000</gpxhb:speed><gpxhb:course>82.553734</gpxhb:course></extensions></trkpt><trkpt lat="22.665548272456505" lon="120.72078349071707"><ele>468.0406745318396</ele><time>2024-12-08T04:18:03Z</time><src>Hikingbook</src><extensions><gpxhb:speed>0.878154</gpxhb:speed><gpxhb:course>49.501845</gpxhb:course></extensions></trkpt><trkpt lat="22.665564457490966" lon="120.72082563323333"><ele>469.70446122687457</ele><time>2024-12-08T04:18:15Z</time><src>Hikingbook</src><extensions><gpxhb:speed>0.470543</gpxhb:speed><gpxhb:course>27.900950</gpxhb:course></extensions></trkpt><trkpt lat="22.665628285929618" lon="120.7208705066999"><ele>466.3737960020889</ele><time>2024-12-08T04:18:53Z</time><src>Hikingbook</src><extensions><gpxhb:speed>0.201161</gpxhb:speed><gpxhb:course>324.439715</gpxhb:course></extensions></trkpt><trkpt lat="22.665638395493822" lon="120.72102550156937"><ele>462.44271869062425</ele><time>2024-12-08T04:19:23Z</time><src>Hikingbook</src><extensions><gpxhb:speed>0.356067</gpxhb:speed><gpxhb:course>50.026186</gpxhb:course></extensions></trkpt><trkpt lat="22.66587914662904" lon="120.72159776274155"><ele>459.6233240943768</ele><time>2024-12-08T04:23:52Z</time><src>Hikingbook</src><extensions><gpxhb:speed>0.000000</gpxhb:speed><gpxhb:course>-1.000000</gpxhb:course></extensions></trkpt><trkpt lat="22.665998354149895" lon="120.72168155625707"><ele>459.40343146175593</ele><time>2024-12-08T04:24:20Z</time><src>Hikingbook</src><extensions><gpxhb:speed>1.003505</gpxhb:speed><gpxhb:course>37.366916</gpxhb:course></extensions></trkpt><trkpt lat="22.666008617153004" lon="120.72168266243914"><ele>459.9946246293285</ele><time>2024-12-08T04:24:21Z</time><src>Hikingbook</src><extensions><gpxhb:speed>0.974874</gpxhb:speed><gpxhb:course>32.606635</gpxhb:course></extensions></trkpt><trkpt lat="22.666109548773758" lon="120.72171960223635"><ele>454.8506954194742</ele><time>2024-12-08T04:25:22Z</time><src>Hikingbook</src><extensions><gpxhb:speed>0.457880</gpxhb:speed><gpxhb:course>329.081478</gpxhb:course></extensions></trkpt><trkpt lat="22.66667897761284" lon="120.7213070749286"><ele>452.96163265761913</ele><time>2024-12-08T04:28:54Z</time><src>Hikingbook</src><extensions><gpxhb:speed>0.378041</gpxhb:speed><gpxhb:course>330.114964</gpxhb:course></extensions></trkpt><trkpt lat="22.66688874819741" lon="120.72141514959426"><ele>451.024167368812</ele><time>2024-12-08T04:30:06Z</time><src>Hikingbook</src><extensions><gpxhb:speed>0.574282</gpxhb:speed><gpxhb:course>315.762751</gpxhb:course></extensions></trkpt><trkpt lat="22.66689691944967" lon="120.72141570398044"><ele>451.64038508086486</ele><time>2024-12-08T04:30:07Z</time><src>Hikingbook</src><extensions><gpxhb:speed>0.565449</gpxhb:speed><gpxhb:course>315.762749</gpxhb:course></extensions></trkpt><trkpt lat="22.667027990505343" lon="120.72148290440184"><ele>452.89623713588196</ele><time>2024-12-08T04:30:35Z</time><src>Hikingbook</src><extensions><gpxhb:speed>0.088420</gpxhb:speed><gpxhb:course>2.701054</gpxhb:course></extensions></trkpt></trkseg><trkseg><trkpt lat="22.667027990505343" lon="120.72148290440184"><ele>452.89623713588196</ele><time>2024-12-08T04:32:37Z</time><src>Hikingbook</src><extensions><gpxhb:speed>0.088420</gpxhb:speed><gpxhb:course>2.701054</gpxhb:course></extensions></trkpt><trkpt lat="22.667071769787164" lon="120.72162321892326"><ele>451.75011391968235</ele><time>2024-12-08T04:32:39Z</time><src>Hikingbook</src><extensions><gpxhb:speed>0.036958</gpxhb:speed><gpxhb:course>16.289703</gpxhb:course></extensions></trkpt></trkseg><trkseg><trkpt lat="22.667072994298504" lon="120.7216247094548"><ele>451.8263719614304</ele><time>2024-12-08T05:38:11Z</time><src>Hikingbook</src><extensions><gpxhb:speed>0.000000</gpxhb:speed><gpxhb:course>16.289703</gpxhb:course></extensions></trkpt></trkseg><trkseg><trkpt lat="22.667903509791874" lon="120.72246647093134"><ele>434.1887548341543</ele><time>2024-12-08T06:15:32Z</time><src>Hikingbook</src><extensions><gpxhb:speed>0.130682</gpxhb:speed><gpxhb:course>-1.000000</gpxhb:course></extensions></trkpt><trkpt lat="22.667970397584387" lon="120.7224334416734"><ele>433.20290950800205</ele><time>2024-12-08T06:15:57Z</time><src>Hikingbook</src><extensions><gpxhb:speed>0.050131</gpxhb:speed><gpxhb:course>-1.000000</gpxhb:course></extensions></trkpt><trkpt lat="22.667975502283863" lon="120.72243088783657"><ele>432.90842033938384</ele><time>2024-12-08T06:16:05Z</time><src>Hikingbook</src><extensions><gpxhb:speed>0.021152</gpxhb:speed><gpxhb:course>-1.000000</gpxhb:course></extensions></trkpt></trkseg><trkseg><trkpt lat="22.667975502283863" lon="120.72243088783657"><ele>432.90842033938384</ele><time>2024-12-08T06:18:21Z</time><src>Hikingbook</src><extensions><gpxhb:speed>0.021152</gpxhb:speed><gpxhb:course>-1.000000</gpxhb:course></extensions></trkpt><trkpt lat="22.66792103680576" lon="120.72245836113638"><ele>433.3782104411117</ele><time>2024-12-08T06:18:23Z</time><src>Hikingbook</src><extensions><gpxhb:speed>0.738921</gpxhb:speed><gpxhb:course>269.082158</gpxhb:course></extensions></trkpt><trkpt lat="22.668028441084875" lon="120.7225278672793"><ele>433.0176772568522</ele><time>2024-12-08T06:18:51Z</time><src>Hikingbook</src><extensions><gpxhb:speed>0.711953</gpxhb:speed><gpxhb:course>42.410594</gpxhb:course></extensions></trkpt><trkpt lat="22.668040374925393" lon="120.72263914086051"><ele>431.5794604474817</ele><time>2024-12-08T06:19:16Z</time><src>Hikingbook</src><extensions><gpxhb:speed>0.287887</gpxhb:speed><gpxhb:course>-1.000000</gpxhb:course></extensions></trkpt><trkpt lat="22.66775737809186" lon="120.72295956314849"><ele>422.6701756211508</ele><time>2024-12-08T06:22:33Z</time><src>Hikingbook</src><extensions><gpxhb:speed>0.000000</gpxhb:speed><gpxhb:course>146.913624</gpxhb:course></extensions></trkpt><trkpt lat="22.667758510102523" lon="120.72296500078788"><ele>423.9385931614136</ele><time>2024-12-08T06:22:51Z</time><src>Hikingbook</src><extensions><gpxhb:speed>0.000000</gpxhb:speed><gpxhb:course>146.913639</gpxhb:course></extensions></trkpt><trkpt lat="22.66758407789276" lon="120.72305180961155"><ele>420.8373203981683</ele><time>2024-12-08T06:23:50Z</time><src>Hikingbook</src><extensions><gpxhb:speed>0.482608</gpxhb:speed><gpxhb:course>159.586064</gpxhb:course></extensions></trkpt><trkpt lat="22.667480623475214" lon="120.72322517862588"><ele>421.46271890831105</ele><time>2024-12-08T06:25:16Z</time><src>Hikingbook</src><extensions><gpxhb:speed>0.262690</gpxhb:speed><gpxhb:course>137.161804</gpxhb:course></extensions></trkpt><trkpt lat="22.66737818924936" lon="120.72323957088147"><ele>421.0162551681413</ele><time>2024-12-08T06:25:46Z</time><src>Hikingbook</src><extensions><gpxhb:speed>0.701726</gpxhb:speed><gpxhb:course>183.420764</gpxhb:course></extensions></trkpt><trkpt lat="22.667161405032864" lon="120.72339958003762"><ele>424.0386463749074</ele><time>2024-12-08T06:28:28Z</time><src>Hikingbook</src><extensions><gpxhb:speed>0.000000</gpxhb:speed><gpxhb:course>-1.000000</gpxhb:course></extensions></trkpt></trkseg><trkseg><trkpt lat="22.667161405032864" lon="120.72339958003762"><ele>424.0386463749074</ele><time>2024-12-08T06:29:48Z</time><src>Hikingbook</src><extensions><gpxhb:speed>0.000000</gpxhb:speed><gpxhb:course>-1.000000</gpxhb:course></extensions></trkpt><trkpt lat="22.66731488127286" lon="120.723652767836"><ele>418.0124907097306</ele><time>2024-12-08T06:29:50Z</time><src>Hikingbook</src><extensions><gpxhb:speed>0.000000</gpxhb:speed><gpxhb:course>218.397795</gpxhb:course></extensions></trkpt><trkpt lat="22.66737506167515" lon="120.72370552674128"><ele>419.93076707527365</ele><time>2024-12-08T06:30:18Z</time><src>Hikingbook</src><extensions><gpxhb:speed>0.000000</gpxhb:speed><gpxhb:course>218.397816</gpxhb:course></extensions></trkpt><trkpt lat="22.667662193994847" lon="120.72408143331894"><ele>418.6911917963663</ele><time>2024-12-08T06:31:34Z</time><src>Hikingbook</src><extensions><gpxhb:speed>0.973240</gpxhb:speed><gpxhb:course>44.373643</gpxhb:course></extensions></trkpt><trkpt lat="22.66768446563517" lon="120.7244103494288"><ele>415.3154811204741</ele><time>2024-12-08T06:33:21Z</time><src>Hikingbook</src><extensions><gpxhb:speed>0.135656</gpxhb:speed><gpxhb:course>-1.000000</gpxhb:course></extensions></trkpt><trkpt lat="22.66778996228224" lon="120.72459279583067"><ele>414.2593740303513</ele><time>2024-12-08T06:34:13Z</time><src>Hikingbook</src><extensions><gpxhb:speed>0.034867</gpxhb:speed><gpxhb:course>-1.000000</gpxhb:course></extensions></trkpt><trkpt lat="22.667793938585383" lon="120.7245941927589"><ele>414.17737984416584</ele><time>2024-12-08T06:34:14Z</time><src>Hikingbook</src><extensions><gpxhb:speed>0.061543</gpxhb:speed><gpxhb:course>-1.000000</gpxhb:course></extensions></trkpt><trkpt lat="22.667838617135974" lon="120.72460744557651"><ele>414.16979275593786</ele><time>2024-12-08T06:34:35Z</time><src>Hikingbook</src><extensions><gpxhb:speed>0.498300</gpxhb:speed><gpxhb:course>19.584561</gpxhb:course></extensions></trkpt><trkpt lat="22.667807060572073" lon="120.7247670777669"><ele>411.14334245527</ele><time>2024-12-08T06:35:16Z</time><src>Hikingbook</src><extensions><gpxhb:speed>0.255581</gpxhb:speed><gpxhb:course>128.874821</gpxhb:course></extensions></trkpt><trkpt lat="22.667918289841268" lon="120.72479017244277"><ele>410.59879981209025</ele><time>2024-12-08T06:35:37Z</time><src>Hikingbook</src><extensions><gpxhb:speed>0.583861</gpxhb:speed><gpxhb:course>34.629335</gpxhb:course></extensions></trkpt><trkpt lat="22.66815195224151" lon="120.72509639366774"><ele>417.2165628246988</ele><time>2024-12-08T06:36:31Z</time><src>Hikingbook</src><extensions><gpxhb:speed>0.671055</gpxhb:speed><gpxhb:course>17.283538</gpxhb:course></extensions></trkpt><trkpt lat="22.66848233495435" lon="120.7252300274841"><ele>413.2690960406722</ele><time>2024-12-08T06:37:58Z</time><src>Hikingbook</src><extensions><gpxhb:speed>0.496502</gpxhb:speed><gpxhb:course>20.561966</gpxhb:course></extensions></trkpt><trkpt lat="22.66849575733524" lon="120.72525214684164"><ele>414.0414760324928</ele><time>2024-12-08T06:38:04Z</time><src>Hikingbook</src><extensions><gpxhb:speed>0.265821</gpxhb:speed><gpxhb:course>352.298825</gpxhb:course></extensions></trkpt><trkpt lat="22.668571193420345" lon="120.72533414778609"><ele>412.42706531959413</ele><time>2024-12-08T06:38:21Z</time><src>Hikingbook</src><extensions><gpxhb:speed>0.883211</gpxhb:speed><gpxhb:course>67.519166</gpxhb:course></extensions></trkpt><trkpt lat="22.66896927318184" lon="120.72536892702962"><ele>417.16346690024784</ele><time>2024-12-08T06:39:20Z</time><src>Hikingbook</src><extensions><gpxhb:speed>0.924780</gpxhb:speed><gpxhb:course>23.878073</gpxhb:course></extensions></trkpt><trkpt lat="22.66927407111378" lon="120.7253051703171"><ele>418.67564919237714</ele><time>2024-12-08T06:40:06Z</time><src>Hikingbook</src><extensions><gpxhb:speed>0.719441</gpxhb:speed><gpxhb:course>348.248162</gpxhb:course></extensions></trkpt><trkpt lat="22.66940323901634" lon="120.72535184461476"><ele>417.9912802948844</ele><time>2024-12-08T06:40:25Z</time><src>Hikingbook</src><extensions><gpxhb:speed>0.272329</gpxhb:speed><gpxhb:course>2.221063</gpxhb:course></extensions></trkpt><trkpt lat="22.66941117842038" lon="120.72535642745163"><ele>418.1894768534027</ele><time>2024-12-08T06:40:27Z</time><src>Hikingbook</src><extensions><gpxhb:speed>0.215612</gpxhb:speed><gpxhb:course>2.221065</gpxhb:course></extensions></trkpt><trkpt lat="22.669515162833367" lon="120.72545815759187"><ele>423.863944439363</ele><time>2024-12-08T06:41:02Z</time><src>Hikingbook</src><extensions><gpxhb:speed>0.818500</gpxhb:speed><gpxhb:course>18.719758</gpxhb:course></extensions></trkpt><trkpt lat="22.669692985642286" lon="120.72532909739935"><ele>418.5342298218948</ele><time>2024-12-08T06:42:00Z</time><src>Hikingbook</src><extensions><gpxhb:speed>0.673158</gpxhb:speed><gpxhb:course>322.198022</gpxhb:course></extensions></trkpt><trkpt lat="22.669803459720754" lon="120.72546118456097"><ele>420.97283647783644</ele><time>2024-12-08T06:42:50Z</time><src>Hikingbook</src><extensions><gpxhb:speed>0.034884</gpxhb:speed><gpxhb:course>38.690821</gpxhb:course></extensions></trkpt><trkpt lat="22.670024085332287" lon="120.72545463730548"><ele>414.92662797175916</ele><time>2024-12-08T06:44:31Z</time><src>Hikingbook</src><extensions><gpxhb:speed>0.000000</gpxhb:speed><gpxhb:course>333.370524</gpxhb:course></extensions></trkpt><trkpt lat="22.66996206481959" lon="120.72555872633156"><ele>413.5161085886212</ele><time>2024-12-08T06:45:04Z</time><src>Hikingbook</src><extensions><gpxhb:speed>0.108029</gpxhb:speed><gpxhb:course>333.370532</gpxhb:course></extensions></trkpt><trkpt lat="22.670115385931368" lon="120.72554252798481"><ele>412.10754821586966</ele><time>2024-12-08T06:46:03Z</time><src>Hikingbook</src><extensions><gpxhb:speed>0.248229</gpxhb:speed><gpxhb:course>1.699594</gpxhb:course></extensions></trkpt></trkseg><trkseg><trkpt lat="22.670115385931368" lon="120.72554252798481"><ele>412.10754821586966</ele><time>2024-12-08T07:08:56Z</time><src>Hikingbook</src><extensions><gpxhb:speed>0.248229</gpxhb:speed><gpxhb:course>1.699594</gpxhb:course></extensions></trkpt><trkpt lat="22.670421715899074" lon="120.72529339408757"><ele>435.961975452213</ele><time>2024-12-08T07:08:59Z</time><src>Hikingbook</src><extensions><gpxhb:speed>2.010000</gpxhb:speed><gpxhb:course>297.421875</gpxhb:course></extensions></trkpt><trkpt lat="22.67021646133529" lon="120.72567353362345"><ele>402.94485661614823</ele><time>2024-12-08T07:09:17Z</time><src>Hikingbook</src><extensions><gpxhb:speed>1.360000</gpxhb:speed><gpxhb:course>-1.000000</gpxhb:course></extensions></trkpt><trkpt lat="22.670503139939893" lon="120.72539324762455"><ele>410.39918928776007</ele><time>2024-12-08T07:10:23Z</time><src>Hikingbook</src><extensions><gpxhb:speed>0.000000</gpxhb:speed><gpxhb:course>-1.000000</gpxhb:course></extensions></trkpt><trkpt lat="22.670487213943414" lon="120.72550676812502"><ele>390.7803926828348</ele><time>2024-12-08T07:10:54Z</time><src>Hikingbook</src><extensions><gpxhb:speed>0.076411</gpxhb:speed><gpxhb:course>185.905412</gpxhb:course></extensions></trkpt><trkpt lat="22.670706772556805" lon="120.72538535880675"><ele>393.6976994576783</ele><time>2024-12-08T07:11:43Z</time><src>Hikingbook</src><extensions><gpxhb:speed>0.652147</gpxhb:speed><gpxhb:course>311.873345</gpxhb:course></extensions></trkpt><trkpt lat="22.67065526206281" lon="120.7250209216355"><ele>394.56194152256694</ele><time>2024-12-08T07:12:30Z</time><src>Hikingbook</src><extensions><gpxhb:speed>0.594357</gpxhb:speed><gpxhb:course>254.242201</gpxhb:course></extensions></trkpt><trkpt lat="22.670384662433875" lon="120.72461124989121"><ele>400.9033880567556</ele><time>2024-12-08T07:13:40Z</time><src>Hikingbook</src><extensions><gpxhb:speed>0.530293</gpxhb:speed><gpxhb:course>200.963288</gpxhb:course></extensions></trkpt><trkpt lat="22.67037867495639" lon="120.72460627994823"><ele>400.97844100852836</ele><time>2024-12-08T07:13:41Z</time><src>Hikingbook</src><extensions><gpxhb:speed>0.806465</gpxhb:speed><gpxhb:course>219.246258</gpxhb:course></extensions></trkpt><trkpt lat="22.67009862191064" lon="120.72435855820632"><ele>400.93161171718657</ele><time>2024-12-08T07:14:41Z</time><src>Hikingbook</src><extensions><gpxhb:speed>0.582695</gpxhb:speed><gpxhb:course>206.493560</gpxhb:course></extensions></trkpt><trkpt lat="22.67001496716035" lon="120.72439057567948"><ele>402.4113811633399</ele><time>2024-12-08T07:14:56Z</time><src>Hikingbook</src><extensions><gpxhb:speed>0.105331</gpxhb:speed><gpxhb:course>157.363023</gpxhb:course></extensions></trkpt><trkpt lat="22.669909637051944" lon="120.7242926393254"><ele>402.8993738003921</ele><time>2024-12-08T07:15:12Z</time><src>Hikingbook</src><extensions><gpxhb:speed>0.937198</gpxhb:speed><gpxhb:course>225.204246</gpxhb:course></extensions></trkpt><trkpt lat="22.66985039426364" lon="120.72398227879944"><ele>402.5632965761815</ele><time>2024-12-08T07:16:16Z</time><src>Hikingbook</src><extensions><gpxhb:speed>0.767764</gpxhb:speed><gpxhb:course>262.981198</gpxhb:course></extensions></trkpt></trkseg><trkseg><trkpt lat="22.67040228906873" lon="120.72295830924092"><ele>348.49209867549615</ele><time>2024-12-08T09:37:38Z</time><src>Hikingbook</src><extensions><gpxhb:speed>0.000000</gpxhb:speed><gpxhb:course>-1.000000</gpxhb:course></extensions></trkpt><trkpt lat="22.670405442634443" lon="120.72297186572017"><ele>348.8394120620878</ele><time>2024-12-08T09:37:54Z</time><src>Hikingbook</src><extensions><gpxhb:speed>0.000000</gpxhb:speed><gpxhb:course>-1.000000</gpxhb:course></extensions></trkpt></trkseg><trkseg><trkpt lat="22.670405442634443" lon="120.72297186572017"><ele>348.8394120620878</ele><time>2024-12-08T10:11:47Z</time><src>Hikingbook</src><extensions><gpxhb:speed>0.000000</gpxhb:speed><gpxhb:course>-1.000000</gpxhb:course></extensions></trkpt><trkpt lat="22.670412340850195" lon="120.72282315429477"><ele>362.2851861376582</ele><time>2024-12-08T10:11:48Z</time><src>Hikingbook</src><extensions><gpxhb:speed>0.258367</gpxhb:speed><gpxhb:course>-1.000000</gpxhb:course></extensions></trkpt><trkpt lat="22.670589396066354" lon="120.72287198800498"><ele>358.39333468814135</ele><time>2024-12-08T10:12:17Z</time><src>Hikingbook</src><extensions><gpxhb:speed>0.821934</gpxhb:speed><gpxhb:course>-1.000000</gpxhb:course></extensions></trkpt><trkpt lat="22.670533046199154" lon="120.72267290270392"><ele>357.7189754475519</ele><time>2024-12-08T10:12:58Z</time><src>Hikingbook</src><extensions><gpxhb:speed>0.899261</gpxhb:speed><gpxhb:course>267.486928</gpxhb:course></extensions></trkpt><trkpt lat="22.670699784988074" lon="120.72239065666211"><ele>362.6984078915356</ele><time>2024-12-08T10:14:12Z</time><src>Hikingbook</src><extensions><gpxhb:speed>0.026981</gpxhb:speed><gpxhb:course>300.567789</gpxhb:course></extensions></trkpt></trkseg><trkseg><trkpt lat="22.670699784988074" lon="120.72239065666211"><ele>362.6984078915356</ele><time>2024-12-08T13:04:20Z</time><src>Hikingbook</src><extensions><gpxhb:speed>0.026981</gpxhb:speed><gpxhb:course>300.567789</gpxhb:course></extensions></trkpt></trkseg><trkseg><trkpt lat="22.670699784988074" lon="120.72239065666211"><ele>362.6984078915356</ele><time>2024-12-08T13:06:11Z</time><src>Hikingbook</src><extensions><gpxhb:speed>0.026981</gpxhb:speed><gpxhb:course>300.567789</gpxhb:course></extensions></trkpt><trkpt lat="22.670245255351567" lon="120.72207930572634"><ele>381.0021245661136</ele><time>2024-12-08T13:34:29Z</time><src>Hikingbook</src><extensions><gpxhb:speed>0.000000</gpxhb:speed><gpxhb:course>-1.000000</gpxhb:course></extensions></trkpt><trkpt lat="22.67039677624583" lon="120.72213664883502"><ele>395.080270695369</ele><time>2024-12-08T13:35:02Z</time><src>Hikingbook</src><extensions><gpxhb:speed>0.107709</gpxhb:speed><gpxhb:course>-1.000000</gpxhb:course></extensions></trkpt><trkpt lat="22.67025499066503" lon="120.72205917360631"><ele>398.51980996741645</ele><time>2024-12-08T13:35:57Z</time><src>Hikingbook</src><extensions><gpxhb:speed>0.633585</gpxhb:speed><gpxhb:course>-1.000000</gpxhb:course></extensions></trkpt><trkpt lat="22.67029682494446" lon="120.72209820443838"><ele>399.23270475363313</ele><time>2024-12-08T13:36:15Z</time><src>Hikingbook</src><extensions><gpxhb:speed>0.340863</gpxhb:speed><gpxhb:course>-1.000000</gpxhb:course></extensions></trkpt><trkpt lat="22.670286868485153" lon="120.72200188115181"><ele>402.53648511003917</ele><time>2024-12-08T13:36:51Z</time><src>Hikingbook</src><extensions><gpxhb:speed>0.000000</gpxhb:speed><gpxhb:course>-1.000000</gpxhb:course></extensions></trkpt><trkpt lat="22.670220808516163" lon="120.72210589944173"><ele>403.98709962321817</ele><time>2024-12-08T13:37:24Z</time><src>Hikingbook</src><extensions><gpxhb:speed>0.398405</gpxhb:speed><gpxhb:course>-1.000000</gpxhb:course></extensions></trkpt><trkpt lat="22.670254992009014" lon="120.72207736775465"><ele>405.0674255945969</ele><time>2024-12-08T13:37:59Z</time><src>Hikingbook</src><extensions><gpxhb:speed>0.737358</gpxhb:speed><gpxhb:course>174.781315</gpxhb:course></extensions></trkpt><trkpt lat="22.67018344188567" lon="120.72202624983385"><ele>406.4638940995589</ele><time>2024-12-08T13:38:15Z</time><src>Hikingbook</src><extensions><gpxhb:speed>0.102220</gpxhb:speed><gpxhb:course>134.668894</gpxhb:course></extensions></trkpt><trkpt lat="22.67028746616852" lon="120.72202921870176"><ele>408.61605261701317</ele><time>2024-12-08T13:38:54Z</time><src>Hikingbook</src><extensions><gpxhb:speed>0.244741</gpxhb:speed><gpxhb:course>146.976413</gpxhb:course></extensions></trkpt><trkpt lat="22.670191609672912" lon="120.72204024668034"><ele>410.5039858812825</ele><time>2024-12-08T13:39:09Z</time><src>Hikingbook</src><extensions><gpxhb:speed>0.000000</gpxhb:speed><gpxhb:course>146.976412</gpxhb:course></extensions></trkpt><trkpt lat="22.67022139139581" lon="120.72192987433162"><ele>413.22460295865415</ele><time>2024-12-08T13:39:29Z</time><src>Hikingbook</src><extensions><gpxhb:speed>0.396359</gpxhb:speed><gpxhb:course>146.976360</gpxhb:course></extensions></trkpt><trkpt lat="22.67018070226653" lon="120.72199345665199"><ele>416.5697321806773</ele><time>2024-12-08T13:39:51Z</time><src>Hikingbook</src><extensions><gpxhb:speed>0.320980</gpxhb:speed><gpxhb:course>-1.000000</gpxhb:course></extensions></trkpt><trkpt lat="22.670159046453378" lon="120.72188091222024"><ele>417.0907569850938</ele><time>2024-12-08T13:40:17Z</time><src>Hikingbook</src><extensions><gpxhb:speed>0.000000</gpxhb:speed><gpxhb:course>140.335200</gpxhb:course></extensions></trkpt><trkpt lat="22.6701755996088" lon="120.72199989805219"><ele>416.8380696118037</ele><time>2024-12-08T13:40:34Z</time><src>Hikingbook</src><extensions><gpxhb:speed>0.426974</gpxhb:speed><gpxhb:course>165.845061</gpxhb:course></extensions></trkpt><trkpt lat="22.670041259008645" lon="120.72179554064667"><ele>418.8926017959746</ele><time>2024-12-08T13:42:26Z</time><src>Hikingbook</src><extensions><gpxhb:speed>1.314207</gpxhb:speed><gpxhb:course>226.556515</gpxhb:course></extensions></trkpt><trkpt lat="22.670228650627884" lon="120.72189071051815"><ele>420.2984426471501</ele><time>2024-12-08T13:42:41Z</time><src>Hikingbook</src><extensions><gpxhb:speed>0.073238</gpxhb:speed><gpxhb:course>226.556565</gpxhb:course></extensions></trkpt><trkpt lat="22.66997441795928" lon="120.72183288141412"><ele>420.3121956597505</ele><time>2024-12-08T13:43:02Z</time><src>Hikingbook</src><extensions><gpxhb:speed>0.856359</gpxhb:speed><gpxhb:course>222.726676</gpxhb:course></extensions></trkpt><trkpt lat="22.669953446589286" lon="120.72174361175594"><ele>421.4242327777532</ele><time>2024-12-08T13:43:17Z</time><src>Hikingbook</src><extensions><gpxhb:speed>0.305332</gpxhb:speed><gpxhb:course>222.726662</gpxhb:course></extensions></trkpt><trkpt lat="22.669961881094988" lon="120.72171870634756"><ele>422.54549561677976</ele><time>2024-12-08T13:43:20Z</time><src>Hikingbook</src><extensions><gpxhb:speed>0.000000</gpxhb:speed><gpxhb:course>222.726653</gpxhb:course></extensions></trkpt><trkpt lat="22.670024486157796" lon="120.72180696794751"><ele>426.13562753788733</ele><time>2024-12-08T13:43:36Z</time><src>Hikingbook</src><extensions><gpxhb:speed>0.229371</gpxhb:speed><gpxhb:course>200.700287</gpxhb:course></extensions></trkpt></trkseg><trkseg><trkpt lat="22.670024486157796" lon="120.72180696794751"><ele>426.13562753788733</ele><time>2024-12-08T13:48:31Z</time><src>Hikingbook</src><extensions><gpxhb:speed>0.229371</gpxhb:speed><gpxhb:course>200.700287</gpxhb:course></extensions></trkpt><trkpt lat="22.670023934207542" lon="120.72194247169702"><ele>478.5935652630809</ele><time>2024-12-08T13:48:33Z</time><src>Hikingbook</src><extensions><gpxhb:speed>1.990000</gpxhb:speed><gpxhb:course>331.523438</gpxhb:course></extensions></trkpt><trkpt lat="22.669946324457705" lon="120.72174135024783"><ele>427.4542422635043</ele><time>2024-12-08T13:49:06Z</time><src>Hikingbook</src><extensions><gpxhb:speed>1.005252</gpxhb:speed><gpxhb:course>287.685900</gpxhb:course></extensions></trkpt><trkpt lat="22.669886447230127" lon="120.72182178542589"><ele>433.1877919988324</ele><time>2024-12-08T13:49:29Z</time><src>Hikingbook</src><extensions><gpxhb:speed>0.340896</gpxhb:speed><gpxhb:course>-1.000000</gpxhb:course></extensions></trkpt><trkpt lat="22.669702897362452" lon="120.72168140594216"><ele>444.7348205816447</ele><time>2024-12-08T13:50:28Z</time><src>Hikingbook</src><extensions><gpxhb:speed>0.393868</gpxhb:speed><gpxhb:course>-1.000000</gpxhb:course></extensions></trkpt><trkpt lat="22.66977723986905" lon="120.72177940684115"><ele>444.71272449488475</ele><time>2024-12-08T13:50:54Z</time><src>Hikingbook</src><extensions><gpxhb:speed>0.474644</gpxhb:speed><gpxhb:course>-1.000000</gpxhb:course></extensions></trkpt><trkpt lat="22.6696504375863" lon="120.72176464230796"><ele>445.2544322113568</ele><time>2024-12-08T13:51:10Z</time><src>Hikingbook</src><extensions><gpxhb:speed>0.149683</gpxhb:speed><gpxhb:course>-1.000000</gpxhb:course></extensions></trkpt><trkpt lat="22.669689924918412" lon="120.72168114059531"><ele>448.5407807758112</ele><time>2024-12-08T13:51:41Z</time><src>Hikingbook</src><extensions><gpxhb:speed>0.050462</gpxhb:speed><gpxhb:course>172.233981</gpxhb:course></extensions></trkpt><trkpt lat="22.669552957238608" lon="120.72175534356867"><ele>449.69625214179973</ele><time>2024-12-08T13:52:00Z</time><src>Hikingbook</src><extensions><gpxhb:speed>0.993574</gpxhb:speed><gpxhb:course>196.803365</gpxhb:course></extensions></trkpt><trkpt lat="22.669575028851735" lon="120.72165999278855"><ele>451.76989077972564</ele><time>2024-12-08T13:52:37Z</time><src>Hikingbook</src><extensions><gpxhb:speed>0.396494</gpxhb:speed><gpxhb:course>233.097448</gpxhb:course></extensions></trkpt><trkpt lat="22.66956005667244" lon="120.72159804291071"><ele>451.73893533026325</ele><time>2024-12-08T13:52:54Z</time><src>Hikingbook</src><extensions><gpxhb:speed>0.572176</gpxhb:speed><gpxhb:course>233.097431</gpxhb:course></extensions></trkpt><trkpt lat="22.669489830332044" lon="120.72164845444551"><ele>452.0155002049333</ele><time>2024-12-08T13:53:26Z</time><src>Hikingbook</src><extensions><gpxhb:speed>0.000000</gpxhb:speed><gpxhb:course>233.097445</gpxhb:course></extensions></trkpt><trkpt lat="22.669527275845798" lon="120.72162601858491"><ele>452.73580122699525</ele><time>2024-12-08T13:53:42Z</time><src>Hikingbook</src><extensions><gpxhb:speed>0.366520</gpxhb:speed><gpxhb:course>233.097437</gpxhb:course></extensions></trkpt><trkpt lat="22.66951763190825" lon="120.72169162718917"><ele>455.1665265830082</ele><time>2024-12-08T13:54:04Z</time><src>Hikingbook</src><extensions><gpxhb:speed>0.620594</gpxhb:speed><gpxhb:course>228.953145</gpxhb:course></extensions></trkpt><trkpt lat="22.66943452644327" lon="120.72153701142223"><ele>456.82905022505753</ele><time>2024-12-08T13:54:23Z</time><src>Hikingbook</src><extensions><gpxhb:speed>0.656178</gpxhb:speed><gpxhb:course>203.393138</gpxhb:course></extensions></trkpt><trkpt lat="22.669511948359087" lon="120.7215273826112"><ele>458.4566592701287</ele><time>2024-12-08T13:54:38Z</time><src>Hikingbook</src><extensions><gpxhb:speed>0.567226</gpxhb:speed><gpxhb:course>233.695215</gpxhb:course></extensions></trkpt><trkpt lat="22.66933352859201" lon="120.72148316304464"><ele>465.4811194286456</ele><time>2024-12-08T13:56:27Z</time><src>Hikingbook</src><extensions><gpxhb:speed>1.025991</gpxhb:speed><gpxhb:course>263.668045</gpxhb:course></extensions></trkpt><trkpt lat="22.6693877477657" lon="120.72141834563755"><ele>471.2272354191936</ele><time>2024-12-08T13:56:58Z</time><src>Hikingbook</src><extensions><gpxhb:speed>0.000000</gpxhb:speed><gpxhb:course>262.253336</gpxhb:course></extensions></trkpt><trkpt lat="22.669322308065787" lon="120.72139025004381"><ele>476.3654887125674</ele><time>2024-12-08T13:58:02Z</time><src>Hikingbook</src><extensions><gpxhb:speed>0.000000</gpxhb:speed><gpxhb:course>145.212462</gpxhb:course></extensions></trkpt></trkseg><trkseg><trkpt lat="22.669322308065787" lon="120.72139025004381"><ele>476.3654887125674</ele><time>2024-12-08T14:02:05Z</time><src>Hikingbook</src><extensions><gpxhb:speed>0.000000</gpxhb:speed><gpxhb:course>145.212462</gpxhb:course></extensions></trkpt><trkpt lat="22.669275561186513" lon="120.7214033190337"><ele>478.0789011100248</ele><time>2024-12-08T14:02:55Z</time><src>Hikingbook</src><extensions><gpxhb:speed>0.234835</gpxhb:speed><gpxhb:course>-1.000000</gpxhb:course></extensions></trkpt><trkpt lat="22.669336526862732" lon="120.72141199112775"><ele>497.4886131577899</ele><time>2024-12-08T14:03:10Z</time><src>Hikingbook</src><extensions><gpxhb:speed>0.330810</gpxhb:speed><gpxhb:course>34.993446</gpxhb:course></extensions></trkpt><trkpt lat="22.669249149754524" lon="120.72122421941123"><ele>481.92013013853676</ele><time>2024-12-08T14:03:32Z</time><src>Hikingbook</src><extensions><gpxhb:speed>1.182002</gpxhb:speed><gpxhb:course>243.743215</gpxhb:course></extensions></trkpt><trkpt lat="22.669271507335925" lon="120.72134372407943"><ele>492.9587381743936</ele><time>2024-12-08T14:04:03Z</time><src>Hikingbook</src><extensions><gpxhb:speed>0.221681</gpxhb:speed><gpxhb:course>-1.000000</gpxhb:course></extensions></trkpt><trkpt lat="22.66914674815128" lon="120.72138498982636"><ele>479.41278083540954</ele><time>2024-12-08T14:04:19Z</time><src>Hikingbook</src><extensions><gpxhb:speed>0.388106</gpxhb:speed><gpxhb:course>-1.000000</gpxhb:course></extensions></trkpt><trkpt lat="22.669166831426153" lon="120.72116094809041"><ele>498.573504997784</ele><time>2024-12-08T14:04:44Z</time><src>Hikingbook</src><extensions><gpxhb:speed>0.751387</gpxhb:speed><gpxhb:course>-1.000000</gpxhb:course></extensions></trkpt><trkpt lat="22.669185981027276" lon="120.72131801205306"><ele>498.40765655099045</ele><time>2024-12-08T14:05:00Z</time><src>Hikingbook</src><extensions><gpxhb:speed>0.550364</gpxhb:speed><gpxhb:course>-1.000000</gpxhb:course></extensions></trkpt><trkpt lat="22.66916682084847" lon="120.72127187051437"><ele>499.24977976570204</ele><time>2024-12-08T14:05:16Z</time><src>Hikingbook</src><extensions><gpxhb:speed>0.000000</gpxhb:speed><gpxhb:course>-1.000000</gpxhb:course></extensions></trkpt></trkseg><trkseg><trkpt lat="22.66916682084847" lon="120.72127187051437"><ele>499.24977976570204</ele><time>2024-12-08T14:07:05Z</time><src>Hikingbook</src><extensions><gpxhb:speed>0.000000</gpxhb:speed><gpxhb:course>-1.000000</gpxhb:course></extensions></trkpt><trkpt lat="22.669096526696276" lon="120.72132768567187"><ele>494.01043765572746</ele><time>2024-12-08T14:07:11Z</time><src>Hikingbook</src><extensions><gpxhb:speed>1.760000</gpxhb:speed><gpxhb:course>201.796875</gpxhb:course></extensions></trkpt><trkpt lat="22.66921437911905" lon="120.72123549298117"><ele>485.4156338028861</ele><time>2024-12-08T14:07:35Z</time><src>Hikingbook</src><extensions><gpxhb:speed>0.650000</gpxhb:speed><gpxhb:course>315.351561</gpxhb:course></extensions></trkpt><trkpt lat="22.669189612848314" lon="120.72128102420679"><ele>499.05729386225784</ele><time>2024-12-08T14:07:51Z</time><src>Hikingbook</src><extensions><gpxhb:speed>0.694107</gpxhb:speed><gpxhb:course>-1.000000</gpxhb:course></extensions></trkpt><trkpt lat="22.669067759422905" lon="120.72111973430567"><ele>501.69736174573586</ele><time>2024-12-08T14:08:22Z</time><src>Hikingbook</src><extensions><gpxhb:speed>0.572064</gpxhb:speed><gpxhb:course>-1.000000</gpxhb:course></extensions></trkpt></trkseg><trkseg><trkpt lat="22.669067759422905" lon="120.72111973430567"><ele>501.69736174573586</ele><time>2024-12-08T14:09:40Z</time><src>Hikingbook</src><extensions><gpxhb:speed>0.572064</gpxhb:speed><gpxhb:course>-1.000000</gpxhb:course></extensions></trkpt><trkpt lat="22.669137178168295" lon="120.7210792068781"><ele>508.2792544163753</ele><time>2024-12-08T14:09:46Z</time><src>Hikingbook</src><extensions><gpxhb:speed>3.030000</gpxhb:speed><gpxhb:course>267.539062</gpxhb:course></extensions></trkpt><trkpt lat="22.66910185845702" lon="120.72114634682156"><ele>493.0790634201913</ele><time>2024-12-08T14:10:02Z</time><src>Hikingbook</src><extensions><gpxhb:speed>0.220000</gpxhb:speed><gpxhb:course>-1.000000</gpxhb:course></extensions></trkpt><trkpt lat="22.669136218028974" lon="120.72110744838976"><ele>499.9666727892258</ele><time>2024-12-08T14:10:18Z</time><src>Hikingbook</src><extensions><gpxhb:speed>0.620000</gpxhb:speed><gpxhb:course>-1.000000</gpxhb:course></extensions></trkpt><trkpt lat="22.66898415139073" lon="120.72110124814503"><ele>508.93906440354016</ele><time>2024-12-08T14:10:38Z</time><src>Hikingbook</src><extensions><gpxhb:speed>0.825614</gpxhb:speed><gpxhb:course>-1.000000</gpxhb:course></extensions></trkpt><trkpt lat="22.669081932148842" lon="120.72104665882782"><ele>510.3327364769049</ele><time>2024-12-08T14:11:03Z</time><src>Hikingbook</src><extensions><gpxhb:speed>0.298076</gpxhb:speed><gpxhb:course>-1.000000</gpxhb:course></extensions></trkpt><trkpt lat="22.66901535118185" lon="120.72110092528416"><ele>509.3393923429128</ele><time>2024-12-08T14:11:19Z</time><src>Hikingbook</src><extensions><gpxhb:speed>0.031162</gpxhb:speed><gpxhb:course>-1.000000</gpxhb:course></extensions></trkpt><trkpt lat="22.66895103595367" lon="120.72100369207321"><ele>513.5674298003009</ele><time>2024-12-08T14:11:34Z</time><src>Hikingbook</src><extensions><gpxhb:speed>0.548705</gpxhb:speed><gpxhb:course>-1.000000</gpxhb:course></extensions></trkpt><trkpt lat="22.66888301440887" lon="120.7210270260721"><ele>518.536341637159</ele><time>2024-12-08T14:11:57Z</time><src>Hikingbook</src><extensions><gpxhb:speed>0.241039</gpxhb:speed><gpxhb:course>-1.000000</gpxhb:course></extensions></trkpt><trkpt lat="22.668828537300932" lon="120.72118745951902"><ele>517.908224739919</ele><time>2024-12-08T14:12:31Z</time><src>Hikingbook</src><extensions><gpxhb:speed>0.825301</gpxhb:speed><gpxhb:course>-1.000000</gpxhb:course></extensions></trkpt><trkpt lat="22.668880100912475" lon="120.72109737624794"><ele>517.7156832559784</ele><time>2024-12-08T14:12:47Z</time><src>Hikingbook</src><extensions><gpxhb:speed>0.087375</gpxhb:speed><gpxhb:course>-1.000000</gpxhb:course></extensions></trkpt><trkpt lat="22.668753572542535" lon="120.72108144878517"><ele>523.6304249554586</ele><time>2024-12-08T14:14:32Z</time><src>Hikingbook</src><extensions><gpxhb:speed>0.415611</gpxhb:speed><gpxhb:course>21.927518</gpxhb:course></extensions></trkpt><trkpt lat="22.66872079784325" lon="120.72100561888833"><ele>526.4356539204343</ele><time>2024-12-08T14:15:45Z</time><src>Hikingbook</src><extensions><gpxhb:speed>0.000000</gpxhb:speed><gpxhb:course>109.453721</gpxhb:course></extensions></trkpt></trkseg><trkseg><trkpt lat="22.66872079784325" lon="120.72100561888833"><ele>526.4356539204343</ele><time>2024-12-08T14:17:14Z</time><src>Hikingbook</src><extensions><gpxhb:speed>0.000000</gpxhb:speed><gpxhb:course>109.453721</gpxhb:course></extensions></trkpt><trkpt lat="22.668847477620776" lon="120.72097032080387"><ele>522.6928168430247</ele><time>2024-12-08T14:17:17Z</time><src>Hikingbook</src><extensions><gpxhb:speed>0.920000</gpxhb:speed><gpxhb:course>317.460938</gpxhb:course></extensions></trkpt><trkpt lat="22.668783501911978" lon="120.7208697052188"><ele>533.0473736017016</ele><time>2024-12-08T14:17:58Z</time><src>Hikingbook</src><extensions><gpxhb:speed>0.530983</gpxhb:speed><gpxhb:course>-1.000000</gpxhb:course></extensions></trkpt><trkpt lat="22.66872116687265" lon="120.7208991871616"><ele>533.8479252697273</ele><time>2024-12-08T14:18:14Z</time><src>Hikingbook</src><extensions><gpxhb:speed>0.365488</gpxhb:speed><gpxhb:course>-1.000000</gpxhb:course></extensions></trkpt><trkpt lat="22.668760790746415" lon="120.7208399825677"><ele>534.1004026634849</ele><time>2024-12-08T14:18:30Z</time><src>Hikingbook</src><extensions><gpxhb:speed>0.185547</gpxhb:speed><gpxhb:course>-1.000000</gpxhb:course></extensions></trkpt><trkpt lat="22.668738968421934" lon="120.7208148979503"><ele>537.3839568226042</ele><time>2024-12-08T14:18:55Z</time><src>Hikingbook</src><extensions><gpxhb:speed>0.214681</gpxhb:speed><gpxhb:course>-1.000000</gpxhb:course></extensions></trkpt><trkpt lat="22.668755922351163" lon="120.7206959119862"><ele>542.5405891617007</ele><time>2024-12-08T14:20:11Z</time><src>Hikingbook</src><extensions><gpxhb:speed>0.194793</gpxhb:speed><gpxhb:course>-1.000000</gpxhb:course></extensions></trkpt></trkseg><trkseg><trkpt lat="22.668755922351163" lon="120.7206959119862"><ele>542.5405891617007</ele><time>2024-12-08T14:43:45Z</time><src>Hikingbook</src><extensions><gpxhb:speed>0.194793</gpxhb:speed><gpxhb:course>-1.000000</gpxhb:course></extensions></trkpt><trkpt lat="22.66883384084669" lon="120.7207547690256"><ele>544.985961852863</ele><time>2024-12-08T14:43:47Z</time><src>Hikingbook</src><extensions><gpxhb:speed>0.440000</gpxhb:speed><gpxhb:course>27.421875</gpxhb:course></extensions></trkpt><trkpt lat="22.668782339808157" lon="120.72055141502565"><ele>550.6785025710927</ele><time>2024-12-08T14:44:30Z</time><src>Hikingbook</src><extensions><gpxhb:speed>0.452773</gpxhb:speed><gpxhb:course>-1.000000</gpxhb:course></extensions></trkpt><trkpt lat="22.668770651224822" lon="120.72060671265982"><ele>548.2054354675844</ele><time>2024-12-08T14:44:46Z</time><src>Hikingbook</src><extensions><gpxhb:speed>0.560327</gpxhb:speed><gpxhb:course>-1.000000</gpxhb:course></extensions></trkpt><trkpt lat="22.66871079732041" lon="120.72049524089076"><ele>553.0412329072116</ele><time>2024-12-08T14:45:05Z</time><src>Hikingbook</src><extensions><gpxhb:speed>1.516064</gpxhb:speed><gpxhb:course>197.763670</gpxhb:course></extensions></trkpt><trkpt lat="22.668761012562186" lon="120.72047096270084"><ele>556.0544077217519</ele><time>2024-12-08T14:45:24Z</time><src>Hikingbook</src><extensions><gpxhb:speed>0.478488</gpxhb:speed><gpxhb:course>-1.000000</gpxhb:course></extensions></trkpt><trkpt lat="22.668723459818544" lon="120.7204942380212"><ele>556.6719324198276</ele><time>2024-12-08T14:45:59Z</time><src>Hikingbook</src><extensions><gpxhb:speed>0.000000</gpxhb:speed><gpxhb:course>-1.000000</gpxhb:course></extensions></trkpt><trkpt lat="22.668725051163413" lon="120.72040591123022"><ele>558.349428509852</ele><time>2024-12-08T14:46:34Z</time><src>Hikingbook</src><extensions><gpxhb:speed>0.755983</gpxhb:speed><gpxhb:course>-1.000000</gpxhb:course></extensions></trkpt><trkpt lat="22.6686089332264" lon="120.7204134741492"><ele>563.53119781851</ele><time>2024-12-08T14:47:13Z</time><src>Hikingbook</src><extensions><gpxhb:speed>0.980476</gpxhb:speed><gpxhb:course>173.746958</gpxhb:course></extensions></trkpt><trkpt lat="22.668636545848837" lon="120.72006498172767"><ele>576.5672888454494</ele><time>2024-12-08T14:49:44Z</time><src>Hikingbook</src><extensions><gpxhb:speed>0.080486</gpxhb:speed><gpxhb:course>-1.000000</gpxhb:course></extensions></trkpt></trkseg><trkseg><trkpt lat="22.668636545848837" lon="120.72006498172767"><ele>576.5672888454494</ele><time>2024-12-08T15:06:26Z</time><src>Hikingbook</src><extensions><gpxhb:speed>0.080486</gpxhb:speed><gpxhb:course>-1.000000</gpxhb:course></extensions></trkpt><trkpt lat="22.668703235264662" lon="120.71959683892098"><ele>606.253386385006</ele><time>2024-12-08T15:09:45Z</time><src>Hikingbook</src><extensions><gpxhb:speed>0.390000</gpxhb:speed><gpxhb:course>-1.000000</gpxhb:course></extensions></trkpt><trkpt lat="22.668439511763495" lon="120.71936963299022"><ele>602.3565373768719</ele><time>2024-12-08T15:10:41Z</time><src>Hikingbook</src><extensions><gpxhb:speed>0.868135</gpxhb:speed><gpxhb:course>-1.000000</gpxhb:course></extensions></trkpt><trkpt lat="22.668491352587072" lon="120.71936183197286"><ele>607.7550144295343</ele><time>2024-12-08T15:11:15Z</time><src>Hikingbook</src><extensions><gpxhb:speed>0.499181</gpxhb:speed><gpxhb:course>-1.000000</gpxhb:course></extensions></trkpt><trkpt lat="22.668409188068875" lon="120.71912153878074"><ele>614.2281128470198</ele><time>2024-12-08T15:12:06Z</time><src>Hikingbook</src><extensions><gpxhb:speed>0.817451</gpxhb:speed><gpxhb:course>-1.000000</gpxhb:course></extensions></trkpt><trkpt lat="22.668398768719253" lon="120.71910373366933"><ele>616.7448366012288</ele><time>2024-12-08T15:12:20Z</time><src>Hikingbook</src><extensions><gpxhb:speed>0.706622</gpxhb:speed><gpxhb:course>-1.000000</gpxhb:course></extensions></trkpt><trkpt lat="22.668446361970197" lon="120.71903952942233"><ele>617.5876951956304</ele><time>2024-12-08T15:12:58Z</time><src>Hikingbook</src><extensions><gpxhb:speed>0.000000</gpxhb:speed><gpxhb:course>-1.000000</gpxhb:course></extensions></trkpt><trkpt lat="22.668432454188977" lon="120.71899723962518"><ele>617.7264065295458</ele><time>2024-12-08T15:13:48Z</time><src>Hikingbook</src><extensions><gpxhb:speed>0.000000</gpxhb:speed><gpxhb:course>4.679032</gpxhb:course></extensions></trkpt><trkpt lat="22.66847206797411" lon="120.71895235735381"><ele>622.831749172644</ele><time>2024-12-08T15:14:26Z</time><src>Hikingbook</src><extensions><gpxhb:speed>0.035973</gpxhb:speed><gpxhb:course>2.449026</gpxhb:course></extensions></trkpt><trkpt lat="22.66841626995236" lon="120.71895523146735"><ele>623.1031095027793</ele><time>2024-12-08T15:14:58Z</time><src>Hikingbook</src><extensions><gpxhb:speed>0.000000</gpxhb:speed><gpxhb:course>-1.000000</gpxhb:course></extensions></trkpt><trkpt lat="22.668431773464935" lon="120.71894713272273"><ele>623.6031453705202</ele><time>2024-12-08T15:15:30Z</time><src>Hikingbook</src><extensions><gpxhb:speed>0.000000</gpxhb:speed><gpxhb:course>-1.000000</gpxhb:course></extensions></trkpt><trkpt lat="22.66834839250405" lon="120.71883146523768"><ele>629.080619572491</ele><time>2024-12-08T15:16:56Z</time><src>Hikingbook</src><extensions><gpxhb:speed>0.452164</gpxhb:speed><gpxhb:course>-1.000000</gpxhb:course></extensions></trkpt></trkseg><trkseg><trkpt lat="22.66834839250405" lon="120.71883146523768"><ele>629.080619572491</ele><time>2024-12-08T15:19:04Z</time><src>Hikingbook</src><extensions><gpxhb:speed>0.452164</gpxhb:speed><gpxhb:course>-1.000000</gpxhb:course></extensions></trkpt><trkpt lat="22.668630582757753" lon="120.71882454661"><ele>633.9668979003824</ele><time>2024-12-08T15:19:09Z</time><src>Hikingbook</src><extensions><gpxhb:speed>9.420000</gpxhb:speed><gpxhb:course>355.429688</gpxhb:course></extensions></trkpt><trkpt lat="22.668306529689605" lon="120.71876314946145"><ele>639.9172699809388</ele><time>2024-12-08T15:19:27Z</time><src>Hikingbook</src><extensions><gpxhb:speed>0.180000</gpxhb:speed><gpxhb:course>-1.000000</gpxhb:course></extensions></trkpt><trkpt lat="22.6683598997312" lon="120.71877633102764"><ele>635.1778195198734</ele><time>2024-12-08T15:19:47Z</time><src>Hikingbook</src><extensions><gpxhb:speed>0.109430</gpxhb:speed><gpxhb:course>-1.000000</gpxhb:course></extensions></trkpt><trkpt lat="22.66837439624741" lon="120.71868190269079"><ele>641.2530235782989</ele><time>2024-12-08T15:21:11Z</time><src>Hikingbook</src><extensions><gpxhb:speed>0.315272</gpxhb:speed><gpxhb:course>-1.000000</gpxhb:course></extensions></trkpt><trkpt lat="22.668408068608183" lon="120.71870080894718"><ele>638.632469770668</ele><time>2024-12-08T15:21:46Z</time><src>Hikingbook</src><extensions><gpxhb:speed>0.360000</gpxhb:speed><gpxhb:course>-1.000000</gpxhb:course></extensions></trkpt><trkpt lat="22.668454137392082" lon="120.71850741676198"><ele>645.9390742914723</ele><time>2024-12-08T15:23:20Z</time><src>Hikingbook</src><extensions><gpxhb:speed>0.233532</gpxhb:speed><gpxhb:course>-1.000000</gpxhb:course></extensions></trkpt><trkpt lat="22.66844474399124" lon="120.71854593002182"><ele>644.5098620209525</ele><time>2024-12-08T15:23:56Z</time><src>Hikingbook</src><extensions><gpxhb:speed>1.430000</gpxhb:speed><gpxhb:course>84.726562</gpxhb:course></extensions></trkpt><trkpt lat="22.668397058664283" lon="120.71813656325546"><ele>667.5135791762593</ele><time>2024-12-08T15:26:36Z</time><src>Hikingbook</src><extensions><gpxhb:speed>0.240912</gpxhb:speed><gpxhb:course>222.377415</gpxhb:course></extensions></trkpt></trkseg><trkseg><trkpt lat="22.668397058664283" lon="120.71813656325546"><ele>667.5135791762593</ele><time>2024-12-08T15:36:30Z</time><src>Hikingbook</src><extensions><gpxhb:speed>0.240912</gpxhb:speed><gpxhb:course>222.377415</gpxhb:course></extensions></trkpt><trkpt lat="22.66821298435869" lon="120.71842092859384"><ele>655.0745948279151</ele><time>2024-12-08T15:36:32Z</time><src>Hikingbook</src><extensions><gpxhb:speed>-1.000000</gpxhb:speed><gpxhb:course>-1.000000</gpxhb:course></extensions></trkpt><trkpt lat="22.66842196443713" lon="120.71803108734808"><ele>680.8886906876786</ele><time>2024-12-08T15:36:54Z</time><src>Hikingbook</src><extensions><gpxhb:speed>0.370000</gpxhb:speed><gpxhb:course>-1.000000</gpxhb:course></extensions></trkpt><trkpt lat="22.668374212167972" lon="120.71792087300095"><ele>685.9799076686268</ele><time>2024-12-08T15:37:32Z</time><src>Hikingbook</src><extensions><gpxhb:speed>0.232815</gpxhb:speed><gpxhb:course>293.297288</gpxhb:course></extensions></trkpt><trkpt lat="22.668529501834744" lon="120.71750040798234"><ele>702.6810886891382</ele><time>2024-12-08T15:40:45Z</time><src>Hikingbook</src><extensions><gpxhb:speed>0.000000</gpxhb:speed><gpxhb:course>205.857877</gpxhb:course></extensions></trkpt><trkpt lat="22.66852139700787" lon="120.71758541356257"><ele>696.6520236815167</ele><time>2024-12-08T15:41:37Z</time><src>Hikingbook</src><extensions><gpxhb:speed>1.150000</gpxhb:speed><gpxhb:course>-1.000000</gpxhb:course></extensions></trkpt><trkpt lat="22.66866542594275" lon="120.71742952767993"><ele>704.8520514080788</ele><time>2024-12-08T15:42:55Z</time><src>Hikingbook</src><extensions><gpxhb:speed>0.373962</gpxhb:speed><gpxhb:course>278.452052</gpxhb:course></extensions></trkpt><trkpt lat="22.66870126298597" lon="120.71730963130497"><ele>709.6119633210204</ele><time>2024-12-08T15:43:43Z</time><src>Hikingbook</src><extensions><gpxhb:speed>0.408358</gpxhb:speed><gpxhb:course>268.303320</gpxhb:course></extensions></trkpt><trkpt lat="22.668660668408446" lon="120.71731369328428"><ele>707.3108460722798</ele><time>2024-12-08T15:47:43Z</time><src>Hikingbook</src><extensions><gpxhb:speed>0.088819</gpxhb:speed><gpxhb:course>-1.000000</gpxhb:course></extensions></trkpt></trkseg><trkseg><trkpt lat="22.668660668408446" lon="120.71731369328428"><ele>707.3108460722798</ele><time>2024-12-08T15:52:47Z</time><src>Hikingbook</src><extensions><gpxhb:speed>0.088819</gpxhb:speed><gpxhb:course>-1.000000</gpxhb:course></extensions></trkpt><trkpt lat="22.668708172856025" lon="120.71731788614709"><ele>710.2023983871204</ele><time>2024-12-08T15:52:49Z</time><src>Hikingbook</src><extensions><gpxhb:speed>0.000000</gpxhb:speed><gpxhb:course>-1.000000</gpxhb:course></extensions></trkpt><trkpt lat="22.668382722537412" lon="120.71739422974211"><ele>705.2845985919514</ele><time>2024-12-08T15:53:35Z</time><src>Hikingbook</src><extensions><gpxhb:speed>0.732672</gpxhb:speed><gpxhb:course>168.924460</gpxhb:course></extensions></trkpt><trkpt lat="22.66776263463167" lon="120.7171917476398"><ele>704.7424559654235</ele><time>2024-12-08T15:55:11Z</time><src>Hikingbook</src><extensions><gpxhb:speed>0.581871</gpxhb:speed><gpxhb:course>198.748066</gpxhb:course></extensions></trkpt><trkpt lat="22.667694672402842" lon="120.71710305846267"><ele>704.9474922433881</ele><time>2024-12-08T15:55:27Z</time><src>Hikingbook</src><extensions><gpxhb:speed>0.644369</gpxhb:speed><gpxhb:course>231.940833</gpxhb:course></extensions></trkpt><trkpt lat="22.667558421656473" lon="120.716972497101"><ele>707.4896291699604</ele><time>2024-12-08T15:55:57Z</time><src>Hikingbook</src><extensions><gpxhb:speed>0.543643</gpxhb:speed><gpxhb:course>230.917159</gpxhb:course></extensions></trkpt><trkpt lat="22.66741968029404" lon="120.71658675050331"><ele>712.0578250156855</ele><time>2024-12-08T15:57:07Z</time><src>Hikingbook</src><extensions><gpxhb:speed>0.816243</gpxhb:speed><gpxhb:course>284.801651</gpxhb:course></extensions></trkpt><trkpt lat="22.66776866143792" lon="120.71688508080607"><ele>723.8703137067018</ele><time>2024-12-08T15:58:20Z</time><src>Hikingbook</src><extensions><gpxhb:speed>0.589497</gpxhb:speed><gpxhb:course>17.347465</gpxhb:course></extensions></trkpt><trkpt lat="22.667945046882675" lon="120.71684604483964"><ele>725.7304312609497</ele><time>2024-12-08T15:58:48Z</time><src>Hikingbook</src><extensions><gpxhb:speed>0.592548</gpxhb:speed><gpxhb:course>350.137925</gpxhb:course></extensions></trkpt><trkpt lat="22.667720991923666" lon="120.71668203940067"><ele>724.0349124314074</ele><time>2024-12-08T15:59:24Z</time><src>Hikingbook</src><extensions><gpxhb:speed>0.661636</gpxhb:speed><gpxhb:course>-1.000000</gpxhb:course></extensions></trkpt><trkpt lat="22.667665733181444" lon="120.71634269454363"><ele>735.2901808069455</ele><time>2024-12-08T16:00:22Z</time><src>Hikingbook</src><extensions><gpxhb:speed>1.089404</gpxhb:speed><gpxhb:course>249.543263</gpxhb:course></extensions></trkpt><trkpt lat="22.667713933988246" lon="120.71629975219115"><ele>734.790371934364</ele><time>2024-12-08T16:00:37Z</time><src>Hikingbook</src><extensions><gpxhb:speed>0.293524</gpxhb:speed><gpxhb:course>276.444656</gpxhb:course></extensions></trkpt><trkpt lat="22.667590481184302" lon="120.71613220862018"><ele>741.2994673624403</ele><time>2024-12-08T16:01:21Z</time><src>Hikingbook</src><extensions><gpxhb:speed>0.733780</gpxhb:speed><gpxhb:course>237.466513</gpxhb:course></extensions></trkpt><trkpt lat="22.667588653695756" lon="120.71612635490256"><ele>740.9947863699381</ele><time>2024-12-08T16:01:22Z</time><src>Hikingbook</src><extensions><gpxhb:speed>0.773608</gpxhb:speed><gpxhb:course>238.005768</gpxhb:course></extensions></trkpt><trkpt lat="22.667346795023413" lon="120.71592795621733"><ele>742.8557688861637</ele><time>2024-12-08T16:02:35Z</time><src>Hikingbook</src><extensions><gpxhb:speed>0.410116</gpxhb:speed><gpxhb:course>214.646277</gpxhb:course></extensions></trkpt><trkpt lat="22.66730681273003" lon="120.71595262590583"><ele>742.584705605568</ele><time>2024-12-08T16:02:51Z</time><src>Hikingbook</src><extensions><gpxhb:speed>0.458826</gpxhb:speed><gpxhb:course>-1.000000</gpxhb:course></extensions></trkpt><trkpt lat="22.667308442022012" lon="120.71582097899295"><ele>744.3238593999006</ele><time>2024-12-08T16:03:16Z</time><src>Hikingbook</src><extensions><gpxhb:speed>0.265513</gpxhb:speed><gpxhb:course>268.733665</gpxhb:course></extensions></trkpt><trkpt lat="22.66730103893412" lon="120.71582957812292"><ele>745.4256614977888</ele><time>2024-12-08T16:03:43Z</time><src>Hikingbook</src><extensions><gpxhb:speed>0.597808</gpxhb:speed><gpxhb:course>257.397936</gpxhb:course></extensions></trkpt><trkpt lat="22.66718783911722" lon="120.71557217423259"><ele>746.5107554733264</ele><time>2024-12-08T16:04:21Z</time><src>Hikingbook</src><extensions><gpxhb:speed>0.362335</gpxhb:speed><gpxhb:course>239.103275</gpxhb:course></extensions></trkpt><trkpt lat="22.667086880975436" lon="120.7155376420083"><ele>745.0513778569798</ele><time>2024-12-08T16:04:37Z</time><src>Hikingbook</src><extensions><gpxhb:speed>1.031894</gpxhb:speed><gpxhb:course>183.724434</gpxhb:course></extensions></trkpt><trkpt lat="22.66683870868771" lon="120.71561504829273"><ele>743.4545640819409</ele><time>2024-12-08T16:05:27Z</time><src>Hikingbook</src><extensions><gpxhb:speed>1.032299</gpxhb:speed><gpxhb:course>181.586866</gpxhb:course></extensions></trkpt><trkpt lat="22.666545684141738" lon="120.71557838652632"><ele>741.7121913664686</ele><time>2024-12-08T16:05:58Z</time><src>Hikingbook</src><extensions><gpxhb:speed>1.141007</gpxhb:speed><gpxhb:course>172.998246</gpxhb:course></extensions></trkpt><trkpt lat="22.66640278460497" lon="120.71569118878801"><ele>742.7809320513057</ele><time>2024-12-08T16:06:14Z</time><src>Hikingbook</src><extensions><gpxhb:speed>1.141583</gpxhb:speed><gpxhb:course>169.080845</gpxhb:course></extensions></trkpt><trkpt lat="22.66638204416294" lon="120.71569629711041"><ele>742.4246216870724</ele><time>2024-12-08T16:06:16Z</time><src>Hikingbook</src><extensions><gpxhb:speed>1.217473</gpxhb:speed><gpxhb:course>166.746176</gpxhb:course></extensions></trkpt><trkpt lat="22.66591104830049" lon="120.71565695776094"><ele>735.1223754755234</ele><time>2024-12-08T16:06:58Z</time><src>Hikingbook</src><extensions><gpxhb:speed>1.202164</gpxhb:speed><gpxhb:course>179.636789</gpxhb:course></extensions></trkpt><trkpt lat="22.665702752440207" lon="120.71557765508977"><ele>733.1419517848469</ele><time>2024-12-08T16:07:19Z</time><src>Hikingbook</src><extensions><gpxhb:speed>1.129254</gpxhb:speed><gpxhb:course>182.612484</gpxhb:course></extensions></trkpt><trkpt lat="22.66547799491528" lon="120.71559620583876"><ele>728.743960007165</ele><time>2024-12-08T16:07:43Z</time><src>Hikingbook</src><extensions><gpxhb:speed>1.334129</gpxhb:speed><gpxhb:course>169.092532</gpxhb:course></extensions></trkpt><trkpt lat="22.665462158199745" lon="120.71560243921296"><ele>728.7659025887434</ele><time>2024-12-08T16:07:44Z</time><src>Hikingbook</src><extensions><gpxhb:speed>1.797974</gpxhb:speed><gpxhb:course>163.512631</gpxhb:course></extensions></trkpt><trkpt lat="22.665414001184843" lon="120.71561677182456"><ele>728.3087052308683</ele><time>2024-12-08T16:07:48Z</time><src>Hikingbook</src><extensions><gpxhb:speed>1.277766</gpxhb:speed><gpxhb:course>179.806920</gpxhb:course></extensions></trkpt><trkpt lat="22.66535708929603" lon="120.7152423937745"><ele>721.4876425492535</ele><time>2024-12-08T16:08:15Z</time><src>Hikingbook</src><extensions><gpxhb:speed>1.399222</gpxhb:speed><gpxhb:course>264.227484</gpxhb:course></extensions></trkpt><trkpt lat="22.665242895259954" lon="120.71507952623395"><ele>719.0143156172458</ele><time>2024-12-08T16:08:35Z</time><src>Hikingbook</src><extensions><gpxhb:speed>0.959039</gpxhb:speed><gpxhb:course>215.580990</gpxhb:course></extensions></trkpt></trkseg></trk></gpx>